Stock quote and option quote for ABNB on 3/6/22 17:41:07,,,,,,,,,,,,,,,,,,,,,,,,,,,
,,,,,,,,,,,,,,,,,,,,,,,,,,,
UNDERLYING,,,,,,,,,,,,,,,,,,,,,,,,,,,
LAST,LX,Net Chng,BID,BX,ASK,AX,Size,Volume,Open,High,Low,,,,,,,,,,,,,,,,
142.7,Q,-8.99,142.31,P,142.69,P,2 x 5,"8,397,063",150.77,151.8899,140.46,,,,,,,,,,,,,,,,
,,,,,,,,,,,,,,,,,,,,,,,,,,,
UNDERLYING EXTRA INFO,,,,,,,,,,,,,,,,,,,,,,,,,,,
Last Size,Yield,PE,Div,Div.Freq,Ex Div.Date,52High,52Low,Shares,Beta,,,,,,,,,,,,,,,,,,
"216,956",<empty>,-250.4,<empty>,--,,215.49,129.71,"633,672,940",1.306,,,,,,,,,,,,,,,,,,
,,,,,,,,,,,,,,,,,,,,,,,,,,,
11 MAR 22  (5)  100 (Weeklys),,,,,,,,,,,,,,,,,,,,,,,,,,,
,,Delta,Gamma,Theta,Vega,Open.Int,LAST,LX,Impl Vol,BID,BX,ASK,AX,Exp,Strike,BID,BX,ASK,AX,Delta,Gamma,Theta,Vega,Open.Int,LAST,LX,Impl Vol
,,0.97,0,-0.21,0.01,0,0, ,193.69%,46.4,Z,49.95,Z,11-Mar-22,95,0,P,0.03,P,0,0,-0.01,0,257,0.02,X,120.49%
,,0.98,0,-0.1,0.01,0,0, ,148.76%,41.55,Z,44.25,Z,11-Mar-22,100,0.02,Z,0.05,D,-0.01,0,-0.02,0,971,0.05,X,116.63%
,,0.99,0,-0.05,0.01,0,0, ,114.10%,36.5,Z,39.05,Z,11-Mar-22,105,0.03,X,0.1,Q,-0.01,0,-0.04,0,"1,927",0.1,X,110.07%
,,0.92,0.01,-0.38,0.03,0,0, ,164.22%,32,Z,35.7,Z,11-Mar-22,110,0.1,X,0.22,X,-0.02,0,-0.08,0.01,31,0.19,I,108.71%
,,0.94,0.01,-0.2,0.02,2,29.06,W,117.20%,27.05,Z,29.4,Z,11-Mar-22,115,0.23,Z,0.34,X,-0.04,0,-0.12,0.01,17,0.34,I,102.79%
,,0.91,0.01,-0.33,0.03,0,0, ,133.80%,26.3,Z,29.15,Z,11-Mar-22,116,0.26,Z,0.35,X,-0.04,0,-0.13,0.02,45,0.16,X,100.69%
,,0.92,0.01,-0.27,0.03,0,0, ,120.39%,25.2,Z,27.75,Z,11-Mar-22,117,0.3,X,0.42,X,-0.05,0.01,-0.15,0.02,2,0.37,P,100.58%
,,0.93,0.01,-0.2,0.02,0,0, ,107.08%,24.4,Z,26.1,Z,11-Mar-22,118,0.36,N,0.43,X,-0.05,0.01,-0.16,0.02,3,0.45,W,99.00%
,,0.87,0.01,-0.46,0.04,0,0, ,140.00%,23.45,Z,27.25,Z,11-Mar-22,119,0.37,Z,0.54,X,-0.06,0.01,-0.17,0.02,0,0.45,T,98.48%
,,0.87,0.01,-0.43,0.04,32,33.85,B,132.71%,22.5,B,26,Z,11-Mar-22,120,0.44,X,0.56,X,-0.06,0.01,-0.18,0.02,178,0.5,Z,96.94%
,,0.91,0.01,-0.26,0.03,0,0, ,104.51%,21.4,Z,23.55,Z,11-Mar-22,121,0.49,X,0.61,X,-0.07,0.01,-0.2,0.02,11,0.64,E,95.43%
,,0.87,0.01,-0.42,0.04,0,0, ,123.06%,20.65,Z,23.8,Z,11-Mar-22,122,0.53,X,0.66,X,-0.08,0.01,-0.21,0.03,1,0.76,N,93.53%
,,0.9,0.01,-0.26,0.03,0,0, ,97.46%,19.75,Z,21.25,Z,11-Mar-22,123,0.61,Z,0.78,X,-0.09,0.01,-0.23,0.03,0,0.83,A,93.48%
,,0.89,0.01,-0.29,0.03,0,0, ,98.22%,18.85,Z,20.45,Z,11-Mar-22,124,0.69,X,0.83,X,-0.1,0.01,-0.24,0.03,4,0.75,P,91.85%
,,0.89,0.01,-0.28,0.03,0,0, ,94.13%,18.15,X,19.15,Z,11-Mar-22,125,0.78,A,0.89,Q,-0.11,0.01,-0.26,0.03,232,0.81,N,90.33%
,,0.87,0.01,-0.3,0.04,0,16.85,C,92.87%,17.3,P,18.2,X,11-Mar-22,126,0.88,X,0.98,Z,-0.12,0.01,-0.27,0.03,23,1.05,B,89.18%
,,0.86,0.01,-0.33,0.04,0,15.5,Q,92.66%,16.2,X,17.6,Z,11-Mar-22,127,0.98,X,1.19,X,-0.13,0.01,-0.3,0.04,4,1.09,Q,89.38%
,,0.86,0.01,-0.31,0.04,0,0, ,87.11%,15.35,X,16.35,X,11-Mar-22,128,1.09,X,1.36,X,-0.15,0.01,-0.32,0.04,38,1.24,M,88.75%
,,0.83,0.02,-0.38,0.04,0,0, ,92.82%,14.85,X,15.7,Z,11-Mar-22,129,1.21,X,1.49,X,-0.16,0.02,-0.34,0.04,42,1.45,X,87.43%
,,0.83,0.02,-0.35,0.04,8,12.45,A,85.50%,13.55,Z,14.75,X,11-Mar-22,130,1.32,X,1.57,P,-0.17,0.02,-0.35,0.04,"2,159",1.43,I,85.17%
,,0.8,0.02,-0.41,0.05,3,21.6,C,89.88%,13,X,14.15,Z,11-Mar-22,131,1.52,X,1.87,X,-0.19,0.02,-0.38,0.05,37,1.86,E,85.98%
,,0.78,0.02,-0.42,0.05,1,26.77,W,87.55%,12.3,P,13.1,X,11-Mar-22,132,1.69,X,2.07,X,-0.21,0.02,-0.4,0.05,16,2.12,C,85.00%
,,0.77,0.02,-0.43,0.05,2,20.6,C,85.46%,11.6,J,12.1,X,11-Mar-22,133,1.85,X,2.26,X,-0.23,0.02,-0.41,0.05,33,2.62,I,83.50%
,,0.75,0.02,-0.44,0.06,0,11.25,E,83.16%,10.75,N,11.25,X,11-Mar-22,134,2.08,X,2.37,X,-0.25,0.02,-0.42,0.06,29,2.26,M,81.62%
,,0.73,0.02,-0.45,0.06,16,8.95,E,81.90%,9.85,X,10.6,X,11-Mar-22,135,2.3,X,2.5,Z,-0.27,0.02,-0.43,0.06,478,2.37,Z,79.57%
,,0.7,0.02,-0.46,0.06,3,9.4,D,80.31%,9.1,X,9.8,X,11-Mar-22,136,2.57,X,2.83,Q,-0.29,0.02,-0.45,0.06,24,3.11,C,79.32%
,,0.68,0.03,-0.48,0.06,4,7.9,P,80.40%,8.45,X,9.15,X,11-Mar-22,137,2.86,X,3.3,X,-0.32,0.03,-0.48,0.06,12,2.83,A,79.93%
,,0.65,0.03,-0.49,0.06,13,8.05,A,79.29%,7.8,X,8.4,X,11-Mar-22,138,3.25,X,3.6,X,-0.35,0.03,-0.49,0.06,39,3.63,M,79.52%
,,0.62,0.03,-0.5,0.07,24,7.2,Q,79.32%,7.3,N,7.7,X,11-Mar-22,139,3.6,Z,3.9,X,-0.37,0.03,-0.5,0.07,109,4.05,Q,78.42%
,,0.6,0.03,-0.51,0.07,28,6.9,X,78.19%,6.65,X,7.05,N,11-Mar-22,140,3.95,X,4.25,Z,-0.4,0.03,-0.5,0.07,"1,090",4.08,Q,77.30%
,,0.57,0.03,-0.51,0.07,19,5.8,Z,78.11%,6.1,X,6.5,X,11-Mar-22,141,4.3,X,4.65,X,-0.43,0.03,-0.5,0.07,132,4.55,Z,76.15%
,,0.54,0.03,-0.52,0.07,12,5.69,C,77.61%,5.55,B,5.95,W,11-Mar-22,142,4.6,X,5.1,X,-0.46,0.03,-0.5,0.07,80,5.07,C,74.60%
,,0.51,0.03,-0.52,0.07,30,5.2,B,77.78%,5.05,X,5.5,P,11-Mar-22,143,5.25,X,5.75,X,-0.49,0.03,-0.51,0.07,87,5.4,I,76.57%
,,0.48,0.03,-0.51,0.07,36,4.79,M,75.74%,4.5,X,4.85,P,11-Mar-22,144,5.8,Z,6.35,P,-0.52,0.03,-0.51,0.07,122,5.9,N,77.04%
,,0.45,0.03,-0.5,0.07,97,4.2,Q,76.14%,4.1,C,4.45,X,11-Mar-22,145,6.2,X,6.75,X,-0.55,0.03,-0.49,0.07,473,6.39,I,74.56%
,,0.42,0.03,-0.49,0.07,24,4,Q,75.76%,3.7,X,4,X,11-Mar-22,146,6.8,X,7.25,X,-0.58,0.03,-0.48,0.07,130,7.15,N,73.80%
,,0.39,0.03,-0.48,0.07,19,3.1,N,75.32%,3.25,X,3.65,X,11-Mar-22,147,7.5,X,7.85,X,-0.61,0.03,-0.47,0.07,62,8.11,M,74.08%
,,0.36,0.03,-0.47,0.07,31,3.25,Q,74.75%,2.94,X,3.2,X,11-Mar-22,148,8.15,X,8.5,X,-0.64,0.03,-0.46,0.07,112,8.9,Z,73.94%
,,0.34,0.03,-0.45,0.06,64,2.8,B,75.30%,2.63,X,2.95,X,11-Mar-22,149,8.6,X,9.2,X,-0.67,0.03,-0.43,0.06,148,9.65,E,72.20%
,,0.31,0.03,-0.43,0.06,78,2.35,H,74.75%,2.3,X,2.63,X,11-Mar-22,150,9.35,X,9.9,X,-0.7,0.03,-0.42,0.06,"2,541",10.2,I,72.36%
,,0.24,0.02,-0.37,0.05,178,1.76,X,73.38%,1.69,X,1.85,Q,11-Mar-22,152.5,11.15,W,11.9,X,-0.76,0.02,-0.37,0.05,384,11.15,Z,72.50%
,,0.19,0.02,-0.31,0.05,639,1.25,D,72.06%,1.14,X,1.32,D,11-Mar-22,155,13.2,X,13.8,P,-0.81,0.02,-0.31,0.05,776,13.98,W,71.47%
,,0.14,0.02,-0.26,0.04,216,0.89,N,72.83%,0.82,X,0.99,X,11-Mar-22,157.5,15.45,X,16.05,X,-0.85,0.02,-0.28,0.04,227,15.61,M,74.22%
,,0.11,0.01,-0.21,0.03,502,0.66,N,73.43%,0.59,Z,0.72,X,11-Mar-22,160,17.4,X,18.25,P,-0.89,0.01,-0.2,0.03,"1,719",17.8,C,70.27%
,,0.08,0.01,-0.16,0.03,485,0.41,D,72.90%,0.41,P,0.47,Z,11-Mar-22,162.5,19.6,B,20.85,Z,-0.9,0.01,-0.19,0.03,128,20.15,N,74.21%
,,0.05,0.01,-0.11,0.02,"2,325",0.31,N,71.41%,0.21,X,0.33,Z,11-Mar-22,165,22,X,22.9,P,-0.93,0,-0.14,0.02,146,23.25,C,70.38%
,,0.04,0.01,-0.09,0.02,129,0.2,N,73.59%,0.15,X,0.27,X,11-Mar-22,167.5,23.9,Z,25.9,Z,-0.93,0,-0.09,0.02,156,12.1,E,75.17%
,,0.03,0.01,-0.07,0.01,725,0.13,X,74.54%,0.13,H,0.17,X,11-Mar-22,170,26.6,Z,28.25,Z,-0.92,0,-0.12,0.02,104,28.1,E,83.34%
,,0.02,0,-0.04,0.01,285,0.11,M,72.36%,0.04,X,0.12,X,11-Mar-22,172.5,28.85,Z,30.4,X,-1,0,0,0,35,30.48,M,--
,,0.02,0,-0.04,0.01,328,0.07,B,76.24%,0.06,Z,0.09,Z,11-Mar-22,175,31.65,Z,33,Z,-0.92,0,-0.01,0.02,97,34.03,I,93.08%
,,0.01,0,-0.03,0.01,97,0.06,E,77.46%,0.04,X,0.07,Z,11-Mar-22,177.5,34.1,Z,35.9,Z,-0.91,0,-0.19,0.02,16,35.9,M,107.57%
,,0.01,0,-0.03,0,379,0.04,A,79.65%,0.03,X,0.06,X,11-Mar-22,180,36.8,X,38.6,Z,-0.9,0,-0.3,0.03,79,38.38,M,122.22%
,,0.01,0,-0.02,0,227,0.03,N,81.30%,0.02,Q,0.05,Q,11-Mar-22,182.5,38.65,Z,41.55,Z,-0.9,0,-0.29,0.03,14,41.05,M,125.43%
,,0.01,0,-0.03,0,370,0.02,N,88.86%,0.01,N,0.09,X,11-Mar-22,185,41.45,Z,43.7,Z,-0.9,0,-0.27,0.03,27,28.41,X,131.45%
,,0,0,-0.01,0,203,0.07,M,81.36%,0,P,0.03,J,11-Mar-22,187.5,43.75,Z,46.65,Z,-0.9,0,-0.36,0.03,4,23.55,E,142.99%
,,0,0,0,0,"1,119",0.01,Q,76.71%,0,Q,0.01,Q,11-Mar-22,190,46.2,Z,49.15,Z,-0.89,0,-0.37,0.03,18,39.25,A,149.03%
,,0.01,0,-0.02,0,7,0.02,E,96.45%,0,H,0.07,Q,11-Mar-22,192.5,48.55,Z,51.45,Z,-0.9,0,-0.19,0.03,2,36.87,C,149.66%
,,0,0,-0.01,0,640,0.02,M,91.63%,0,P,0.03,Z,11-Mar-22,195,50.85,Z,53.5,Z,-1,0,0,0,4,47,B,--
,,0,0,0,0,12,0.01,Q,86.03%,0,P,0.01,Q,11-Mar-22,197.5,53.9,Z,56.7,Z,-0.88,0,-0.47,0.03,0,0, ,174.13%
,,0,0,0,0,724,0.02,W,89.04%,0,N,0.01,N,11-Mar-22,200,56.25,Z,59.1,Z,-0.88,0,-0.37,0.03,17,36.65,H,176.83%
,,0.01,0,-0.02,0,0,0, ,108.64%,0,P,0.06,Z,11-Mar-22,202.5,58.85,Z,61.55,Z,-0.88,0,-0.39,0.03,0,0, ,184.64%
,,0,0,-0.01,0,218,0.05,X,104.57%,0,Q,0.03,Q,11-Mar-22,205,61.3,Z,64.4,Z,-0.87,0,-0.54,0.03,2,21.85,Z,196.48%
,,0,0,-0.01,0,129,0.01,D,110.66%,0,Q,0.03,Q,11-Mar-22,210,66.5,Z,68.05,Z,-1,0,0,0,15,67.83,M,--
,,0,0,-0.01,0,286,0.03,C,116.63%,0,Z,0.03,Z,11-Mar-22,215,71.25,Z,74,Z,-0.87,0,-0.32,0.03,0,0, ,217.12%
,,0,0,0,0,63,0.02,A,111.50%,0,Z,0.01,Z,11-Mar-22,220,76.45,Z,79.05,Z,-0.86,0,-0.44,0.03,0,0, ,235.02%
,,0.01,0,-0.04,0,0,0, ,147.37%,0,P,0.12,X,11-Mar-22,225,81.25,Z,84.2,Z,-0.85,0,-0.42,0.03,0,0, ,248.23%
,,0.01,0,-0.04,0,21,0.06,X,153.44%,0,P,0.12,X,11-Mar-22,230,86.3,Z,88.8,Z,-0.85,0,-0.24,0.03,0,77.3,C,257.04%
,,0.01,0,-0.04,0,0,0, ,159.46%,0,P,0.12,X,11-Mar-22,235,91.25,Z,94.1,Z,-0.84,0,-0.37,0.03,0,0, ,274.82%
,,0.01,0,-0.04,0,1,0.05,N,165.18%,0,D,0.12,X,11-Mar-22,240,96.15,Z,99.1,Z,-0.83,0,-0.32,0.04,0,0, ,287.47%
,,,,,,,,,,,,,,,,,,,,,,,,,,,
18 MAR 22  (12)  100,,,,,,,,,,,,,,,,,,,,,,,,,,,
,,Delta,Gamma,Theta,Vega,Open.Int,LAST,LX,Impl Vol,BID,BX,ASK,AX,Exp,Strike,BID,BX,ASK,AX,Delta,Gamma,Theta,Vega,Open.Int,LAST,LX,Impl Vol
,,1,0,-0.01,0,3,111.33,X,133.09%,66.55,Z,68.9,Z,18-Mar-22,75,0,P,0.05,X,0,0,-0.01,0,"1,764",0.04,N,128.61%
,,0.99,0,-0.04,0.01,2,86.45,E,145.73%,62,Z,63.7,Z,18-Mar-22,80,0,P,0.07,X,0,0,-0.01,0,"1,942",0.01,N,120.74%
,,0.99,0,-0.04,0.01,1,85.55,J,128.78%,56.95,Z,58.7,Z,18-Mar-22,85,0.01,H,0.16,X,-0.01,0,-0.02,0.01,377,0.03,J,121.08%
,,0.99,0,-0.04,0.01,10,94.95,A,116.00%,51.8,Z,53.85,Z,18-Mar-22,90,0.02,X,0.11,X,-0.01,0,-0.02,0.01,791,0.07,C,105.33%
,,0.98,0,-0.06,0.01,1,93.05,Q,116.77%,46.95,Z,49,Z,18-Mar-22,95,0.08,X,0.19,X,-0.01,0,-0.03,0.01,134,0.15,N,103.85%
,,0.97,0,-0.08,0.02,68,56.2,Z,111.05%,42.15,Z,44.05,Z,18-Mar-22,100,0.2,Q,0.23,Q,-0.02,0,-0.05,0.01,"1,120",0.21,X,99.13%
,,0.96,0,-0.09,0.02,26,58.76,Q,101.44%,37.35,P,39,Z,18-Mar-22,105,0.32,X,0.38,X,-0.03,0,-0.07,0.02,"1,154",0.39,I,95.18%
,,0.94,0,-0.11,0.03,42,41.8,D,94.82%,32.6,Z,34.1,Z,18-Mar-22,110,0.5,X,0.64,W,-0.05,0,-0.1,0.03,390,0.5,N,91.76%
,,0.93,0.01,-0.12,0.04,9,40.6,Z,83.85%,27.7,Z,29.15,Z,18-Mar-22,115,0.78,X,0.88,Z,-0.08,0.01,-0.13,0.04,477,0.79,J,86.45%
,,0.89,0.01,-0.15,0.05,59,23.4,N,79.82%,23.4,Z,24.25,X,18-Mar-22,120,1.22,X,1.35,Q,-0.11,0.01,-0.17,0.05,"1,239",1.25,E,82.87%
,,0.83,0.01,-0.21,0.07,43,18.3,Q,80.30%,19.45,P,19.95,X,18-Mar-22,125,1.86,X,2.01,X,-0.16,0.01,-0.21,0.07,"1,143",1.91,E,79.17%
,,0.77,0.02,-0.25,0.08,123,14.55,Z,75.55%,15.3,X,15.8,Q,18-Mar-22,130,2.67,X,2.96,X,-0.23,0.02,-0.24,0.08,"2,083",2.8,W,75.00%
,,0.68,0.02,-0.28,0.09,598,10.75,N,73.02%,11.7,J,12.15,X,18-Mar-22,135,4.1,X,4.35,X,-0.32,0.02,-0.28,0.09,"2,793",4.2,A,72.92%
,,0.58,0.02,-0.3,0.1,351,9,I,71.42%,8.6,B,9.1,X,18-Mar-22,140,5.9,X,6.35,X,-0.42,0.02,-0.3,0.1,"1,758",6,C,71.09%
,,0.56,0.02,-0.3,0.1,0,7.55,C,70.90%,8.1,X,8.45,C,18-Mar-22,141,6.3,X,6.65,X,-0.44,0.02,-0.3,0.1,0,7.6,N,69.85%
,,0.54,0.02,-0.3,0.1,0,7,N,70.18%,7.5,B,7.9,X,18-Mar-22,142,6.85,X,7.1,Z,-0.46,0.02,-0.3,0.1,0,7,Q,69.85%
,,0.52,0.02,-0.3,0.1,0,7.3,N,69.49%,7,J,7.3,J,18-Mar-22,143,7.25,W,7.55,J,-0.48,0.02,-0.3,0.1,0,7.9,W,68.93%
,,0.5,0.02,-0.3,0.11,0,6.35,Z,69.55%,6.55,J,6.85,C,18-Mar-22,144,7.75,X,8.05,J,-0.5,0.02,-0.3,0.11,0,8.75,D,68.53%
,,0.48,0.02,-0.3,0.1,456,6.25,N,69.18%,6.1,C,6.35,X,18-Mar-22,145,8.3,X,8.65,X,-0.53,0.02,-0.3,0.1,"1,822",8.34,W,68.63%
,,0.45,0.02,-0.29,0.1,0,6.6,D,68.84%,5.65,W,5.9,X,18-Mar-22,146,8.8,X,9.2,X,-0.55,0.02,-0.29,0.1,0,9.65,C,68.05%
,,0.43,0.02,-0.29,0.1,0,5.3,N,68.29%,5.2,P,5.45,X,18-Mar-22,147,9.35,X,9.75,J,-0.57,0.02,-0.29,0.1,0,10.31,C,67.49%
,,0.41,0.02,-0.29,0.1,0,4.3,Q,68.02%,4.8,X,5.05,X,18-Mar-22,148,10,X,10.35,Z,-0.59,0.02,-0.28,0.1,0,11.25,B,67.47%
,,0.39,0.02,-0.28,0.1,0,4.1,B,68.04%,4.45,J,4.7,X,18-Mar-22,149,10.6,X,10.95,C,-0.61,0.02,-0.28,0.1,0,12.05,I,66.98%
,,0.37,0.02,-0.27,0.1,"1,807",4.2,N,67.61%,4.1,J,4.3,Q,18-Mar-22,150,11.25,X,11.65,Q,-0.63,0.02,-0.27,0.1,"1,150",11.41,A,67.04%
,,0.32,0.02,-0.26,0.09,0,3.38,I,67.04%,3.3,X,3.5,X,18-Mar-22,152.5,13,X,13.35,X,-0.68,0.02,-0.25,0.09,0,13.6,N,66.73%
,,0.27,0.02,-0.23,0.09,"1,551",2.74,A,65.98%,2.54,B,2.81,X,18-Mar-22,155,14.65,B,15.15,X,-0.73,0.02,-0.23,0.09,677,15.39,W,65.11%
,,0.23,0.02,-0.21,0.08,"1,811",2.16,A,66.05%,2.06,P,2.25,X,18-Mar-22,157.5,16.5,X,17.05,J,-0.78,0.02,-0.2,0.08,"1,812",16.82,W,63.83%
,,0.19,0.02,-0.19,0.07,"2,767",1.66,I,65.93%,1.63,Z,1.79,X,18-Mar-22,160,18.65,X,19.3,B,-0.81,0.01,-0.19,0.07,"2,103",19.39,W,65.64%
,,0.15,0.01,-0.16,0.06,668,1.22,I,65.35%,1.23,X,1.4,X,18-Mar-22,162.5,20.4,X,21.3,X,-0.85,0.01,-0.14,0.06,158,21.52,W,61.46%
,,0.12,0.01,-0.14,0.05,"1,303",1.05,E,64.75%,0.94,X,1.05,X,18-Mar-22,165,22.75,X,23.45,B,-0.88,0.01,-0.13,0.05,"2,364",23.05,N,61.95%
,,0.1,0.01,-0.12,0.05,381,0.75,D,65.00%,0.73,N,0.83,X,18-Mar-22,167.5,24.85,Z,25.9,Z,-0.9,0.01,-0.11,0.05,905,15.7,N,62.11%
,,0.08,0.01,-0.1,0.04,"2,895",0.61,N,64.26%,0.51,Z,0.63,X,18-Mar-22,170,27.35,X,28.1,B,-0.91,0.01,-0.1,0.04,"2,289",28.5,X,63.31%
,,0.06,0.01,-0.08,0.03,317,0.43,C,63.40%,0.31,B,0.5,X,18-Mar-22,172.5,29.6,B,30.55,Q,-0.91,0,-0.1,0.04,"2,935",30.85,N,64.14%
,,0.05,0.01,-0.07,0.03,"2,267",0.36,M,65.38%,0.33,Q,0.38,X,18-Mar-22,175,31.95,Z,33.05,Z,-0.91,0,-0.1,0.04,"4,007",33.39,M,66.76%
,,0.04,0,-0.06,0.02,289,0.3,C,65.06%,0.18,X,0.34,A,18-Mar-22,177.5,34.35,P,35.7,Z,-0.91,0,-0.11,0.04,50,22.15,N,72.07%
,,0.03,0,-0.05,0.02,"2,291",0.2,I,66.20%,0.19,Q,0.24,X,18-Mar-22,180,36.85,Z,37.75,X,-1,0,0,0,334,38.8,M,--
,,0.02,0,-0.04,0.02,610,0.16,Q,65.82%,0.12,X,0.19,X,18-Mar-22,182.5,38.95,Z,40.9,Z,-0.91,0,-0.12,0.04,34,41.8,X,78.73%
,,0.02,0,-0.03,0.01,"2,675",0.12,C,66.67%,0.12,Z,0.13,Q,18-Mar-22,185,41.7,Z,43.05,Z,-0.91,0,-0.07,0.04,237,43.13,M,82.09%
,,0.01,0,-0.02,0.01,542,0.11,D,63.61%,0.01,X,0.12,X,18-Mar-22,187.5,43.95,Z,45.55,Z,-1,0,0,0,9,32.8,M,--
,,0.01,0,-0.02,0.01,"1,484",0.09,A,68.04%,0.06,X,0.1,X,18-Mar-22,190,46.5,Z,48.05,P,-1,0,0,0,133,48.08,M,--
,,0.01,0,-0.02,0.01,312,0.09,B,69.47%,0.06,Q,0.08,Z,18-Mar-22,192.5,48.7,Z,50.75,Z,-1,0,0,0,0,0, ,--
,,0.01,0,-0.02,0.01,989,0.02,C,70.67%,0.05,Q,0.07,J,18-Mar-22,195,51.25,Z,53.35,Z,-1,0,0,0,34,41.82,A,--
,,0.01,0,-0.02,0.01,82,0.13,Q,71.57%,0.04,Z,0.06,Z,18-Mar-22,197.5,53.6,Z,55.65,Z,-1,0,0,0,1,34.25,N,--
,,0.01,0,-0.01,0,"2,382",0.05,D,72.10%,0.03,Q,0.05,Z,18-Mar-22,200,56.4,Z,58.3,Z,-0.89,0,-0.04,0.04,124,42.74,M,109.79%
,,0.01,0,-0.01,0,30,0.09,C,73.32%,0.03,Z,0.04,H,18-Mar-22,202.5,58.8,Z,61.1,Z,-0.88,0,-0.14,0.04,2,33.6,P,116.88%
,,0.01,0,-0.01,0,60,0.08,C,74.32%,0.02,Q,0.04,H,18-Mar-22,205,61.35,Z,63.4,Z,-0.88,0,-0.07,0.04,0,0, ,119.84%
,,0,0,-0.01,0,745,0.03,A,77.18%,0.02,Q,0.03,D,18-Mar-22,210,66.4,Z,68.25,Z,-0.88,0,-0.02,0.04,62,53.1,M,128.15%
,,0.01,0,-0.01,0,11,0.09,C,85.37%,0,M,0.08,Q,18-Mar-22,215,71.4,Z,73.3,Z,-0.87,0,-0.04,0.05,0,0, ,138.19%
,,0,0,-0.01,0,833,0.03,A,85.33%,0.02,D,0.03,Z,18-Mar-22,220,76.3,Z,78.3,Z,-1,0,0,0,12,42.94,X,--
,,0.01,0,-0.02,0.01,0,0.03,Q,98.71%,0,Q,0.13,X,18-Mar-22,225,80.65,Z,83.4,Z,-1,0,0,0,0,0, ,--
,,0,0,-0.01,0,345,0.01,E,91.04%,0.01,D,0.03,H,18-Mar-22,230,86.25,Z,88.5,Z,-0.85,0,-0.07,0.05,7,55.65,Z,167.11%
,,0.01,0,-0.02,0,5,0.02,P,103.78%,0,X,0.1,J,18-Mar-22,235,91.5,Z,93.15,Z,-0.84,0,-0.02,0.05,0,0, ,175.57%
,,0,0,-0.01,0,171,0.01,E,95.62%,0,I,0.03,Z,18-Mar-22,240,96.55,Z,98.3,Z,-0.83,0,-0.12,0.05,0,69.1,C,187.00%
,,0,0,-0.01,0,521,0.02,P,102.26%,0,P,0.03,Z,18-Mar-22,250,106.25,Z,108.45,Z,-0.82,0,-0.04,0.05,0,75.5,E,204.50%
,,,,,,,,,,,,,,,,,,,,,,,,,,,
25 MAR 22  (19)  100 (Weeklys),,,,,,,,,,,,,,,,,,,,,,,,,,,
,,Delta,Gamma,Theta,Vega,Open.Int,LAST,LX,Impl Vol,BID,BX,ASK,AX,Exp,Strike,BID,BX,ASK,AX,Delta,Gamma,Theta,Vega,Open.Int,LAST,LX,Impl Vol
,,0.99,0,-0.02,0.01,0,0, ,77.88%,46.4,Z,49.15,Z,25-Mar-22,95,0.16,X,0.37,X,-0.02,0,-0.04,0.02,26,0.21,N,92.28%
,,0.95,0,-0.09,0.04,0,0, ,102.28%,42.3,Z,44.7,Z,25-Mar-22,100,0.29,X,0.55,X,-0.03,0,-0.06,0.02,50,0.29,N,89.26%
,,0.94,0,-0.09,0.04,0,0, ,90.74%,37.4,Z,39.6,Z,25-Mar-22,105,0.57,X,0.7,X,-0.05,0,-0.07,0.03,35,0.41,Q,85.92%
,,0.92,0.01,-0.11,0.05,0,0, ,85.67%,32.8,Z,34.75,Z,25-Mar-22,110,0.79,X,1.05,X,-0.07,0.01,-0.09,0.04,20,0.96,C,82.13%
,,0.88,0.01,-0.14,0.07,0,0, ,86.42%,28.55,Z,30.45,Z,25-Mar-22,115,1.3,X,1.47,Q,-0.1,0.01,-0.12,0.06,75,1.56,N,79.59%
,,0.86,0.01,-0.15,0.07,10,37.14,C,76.78%,24,X,25.4,X,25-Mar-22,120,1.89,X,2.15,X,-0.14,0.01,-0.15,0.07,195,2.12,E,76.92%
,,0.81,0.01,-0.17,0.09,0,0, ,73.21%,19.95,X,21,X,25-Mar-22,125,2.65,X,2.99,D,-0.19,0.01,-0.17,0.09,113,3.25,N,73.60%
,,0.74,0.01,-0.2,0.11,0,0, ,71.54%,16.35,X,17.05,X,25-Mar-22,130,3.9,X,4.2,X,-0.26,0.01,-0.2,0.11,170,4.3,B,71.93%
,,0.66,0.02,-0.22,0.12,0,14.03,A,69.58%,12.85,B,13.65,X,25-Mar-22,135,5.35,X,5.75,X,-0.34,0.02,-0.22,0.12,248,5.5,Z,69.50%
,,0.58,0.02,-0.22,0.13,27,10.08,C,67.05%,9.85,B,10.4,X,25-Mar-22,140,7.3,B,7.65,Z,-0.42,0.02,-0.23,0.13,189,7.5,B,67.37%
,,0.49,0.02,-0.23,0.13,17,7.55,M,66.20%,7.5,C,7.8,X,25-Mar-22,145,9.65,X,10.1,C,-0.51,0.02,-0.22,0.13,157,10.4,P,65.58%
,,0.4,0.02,-0.21,0.13,197,5.18,I,64.23%,5.35,Q,5.6,Q,25-Mar-22,150,12.55,X,12.95,T,-0.6,0.02,-0.21,0.13,230,13.09,E,64.00%
,,0.31,0.02,-0.19,0.12,236,3.65,P,62.99%,3.65,X,4,Z,25-Mar-22,155,15.8,X,16.35,J,-0.69,0.02,-0.19,0.12,203,16.65,I,62.57%
,,0.24,0.01,-0.17,0.1,178,2.7,E,63.07%,2.5,X,2.9,X,25-Mar-22,160,19.4,X,20.1,J,-0.77,0.01,-0.16,0.1,138,20.3,N,60.71%
,,0.17,0.01,-0.13,0.08,136,1.75,E,61.08%,1.59,X,1.8,N,25-Mar-22,165,23.2,Z,24.6,X,-0.83,0.01,-0.13,0.08,120,15.9,X,60.35%
,,0.12,0.01,-0.11,0.07,170,1.19,N,61.60%,1.08,B,1.24,Z,25-Mar-22,170,27.7,Z,28.65,Z,-0.88,0.01,-0.1,0.06,134,19.8,X,58.43%
,,0.08,0.01,-0.08,0.05,506,0.7,D,61.24%,0.67,Q,0.81,Z,25-Mar-22,175,32.4,B,33.25,J,-0.9,0,-0.08,0.05,50,33.99,E,59.94%
,,0.06,0.01,-0.06,0.04,432,0.48,N,61.69%,0.45,X,0.53,Z,25-Mar-22,180,37.35,X,38.05,Z,-0.9,0,-0.09,0.05,45,39.2,Q,64.91%
,,0.04,0,-0.05,0.03,121,0.31,N,63.23%,0.26,A,0.45,X,25-Mar-22,185,41.55,Z,43.95,Z,-0.9,0,-0.1,0.05,20,32.9,D,73.21%
,,0.03,0,-0.03,0.02,158,0.25,J,63.04%,0.12,X,0.32,X,25-Mar-22,190,46.15,Z,48.3,Z,-1,0,0,0,96,48.35,E,--
,,0.02,0,-0.03,0.02,311,0.26,T,65.33%,0.1,A,0.25,X,25-Mar-22,195,51.35,Z,53.2,Z,-1,0,0,0,7,52.22,I,--
,,0.02,0,-0.02,0.01,174,0.15,D,66.43%,0.03,X,0.22,A,25-Mar-22,200,56.25,Z,58.65,Z,-0.89,0,-0.12,0.05,0,0, ,89.74%
,,0.01,0,-0.01,0.01,34,0.05,B,62.94%,0.03,Z,0.07,D,25-Mar-22,205,60.45,Z,63.65,Z,-1,0,0,0,10,63.19,E,--
,,0.01,0,-0.02,0.01,43,0.1,B,71.80%,0.02,Q,0.17,X,25-Mar-22,210,66.15,Z,68.85,Z,-0.87,0,-0.15,0.06,1,53.68,E,105.67%
,,0.01,0,-0.02,0.01,27,0.04,N,74.48%,0.01,X,0.16,X,25-Mar-22,215,70.1,Z,73.7,Z,-1,0,0,0,0,0, ,--
,,0.01,0,-0.01,0.01,206,0.1,C,75.61%,0,T,0.13,X,25-Mar-22,220,74.55,Z,78.7,Z,-1,0,0,0,2,45.95,N,--
,,0.01,0,-0.01,0.01,212,0.01,D,81.48%,0,T,0.12,X,25-Mar-22,230,85.35,Z,88.7,Z,-1,0,0,0,0,0, ,--
,,,,,,,,,,,,,,,,,,,,,,,,,,,
1 APR 22  (26)  100 (Weeklys),,,,,,,,,,,,,,,,,,,,,,,,,,,
,,Delta,Gamma,Theta,Vega,Open.Int,LAST,LX,Impl Vol,BID,BX,ASK,AX,Exp,Strike,BID,BX,ASK,AX,Delta,Gamma,Theta,Vega,Open.Int,LAST,LX,Impl Vol
,,0.95,0,-0.08,0.04,1,57.9,N,102.39%,45.8,Z,51.55,Z,1-Apr-22,95,0.34,X,0.63,X,-0.03,0,-0.05,0.03,5,0.45,B,88.19%
,,0.95,0,-0.07,0.04,0,42,N,87.08%,42.6,Z,44.35,Z,1-Apr-22,100,0.6,X,0.82,X,-0.05,0,-0.06,0.04,7,0.71,P,85.19%
,,0.93,0,-0.08,0.05,10,48.44,J,84.49%,37.7,Z,39.95,Z,1-Apr-22,105,0.91,X,1.05,X,-0.07,0,-0.07,0.05,20,1,Q,81.45%
,,0.9,0.01,-0.11,0.07,0,33.5,N,83.09%,33.45,Z,35.3,Z,1-Apr-22,110,1.23,X,1.57,W,-0.09,0.01,-0.09,0.06,43,1.56,Z,78.75%
,,0.87,0.01,-0.12,0.08,0,60.15,N,79.46%,29.1,Z,30.75,X,1-Apr-22,115,1.84,X,2.05,Z,-0.12,0.01,-0.11,0.08,146,2.07,X,75.86%
,,0.83,0.01,-0.14,0.1,0,0, ,76.10%,24.95,X,26.35,Z,1-Apr-22,120,2.54,X,2.91,X,-0.17,0.01,-0.13,0.1,377,2.89,C,73.68%
,,0.78,0.01,-0.15,0.11,0,0, ,71.49%,21,X,21.85,X,1-Apr-22,125,3.5,X,3.8,Z,-0.21,0.01,-0.15,0.11,69,3.75,N,70.74%
,,0.72,0.01,-0.17,0.13,32,28.42,X,69.84%,17.5,X,18.05,X,1-Apr-22,130,4.85,X,5.15,X,-0.28,0.01,-0.17,0.13,127,4.95,N,69.18%
,,0.65,0.01,-0.18,0.14,8,21.92,C,67.65%,14.15,X,14.6,J,1-Apr-22,135,6.5,X,6.95,X,-0.35,0.01,-0.18,0.14,180,6.65,N,67.94%
,,0.58,0.02,-0.19,0.15,8,11.1,H,65.98%,11.2,X,11.6,X,1-Apr-22,140,8.5,X,8.75,Z,-0.42,0.02,-0.19,0.15,126,8.59,C,65.43%
,,0.5,0.02,-0.19,0.15,7,8.75,H,64.60%,8.7,B,9,C,1-Apr-22,145,10.8,X,11.2,Z,-0.5,0.02,-0.19,0.15,92,10.99,C,63.58%
,,0.42,0.02,-0.18,0.15,65,6.7,B,63.30%,6.55,X,6.85,X,1-Apr-22,150,13.75,X,14.15,X,-0.58,0.02,-0.18,0.15,229,14.8,C,62.94%
,,0.34,0.02,-0.17,0.14,237,5.05,Z,62.15%,4.85,X,5.05,P,1-Apr-22,155,16.95,B,17.3,B,-0.66,0.02,-0.16,0.14,232,16.8,N,61.28%
,,0.27,0.01,-0.14,0.13,188,3.5,Q,60.40%,3.25,X,3.7,Z,1-Apr-22,160,20.5,X,21.05,J,-0.73,0.01,-0.15,0.13,172,22.3,Z,60.50%
,,0.21,0.01,-0.13,0.11,250,2.45,C,60.79%,2.37,X,2.77,X,1-Apr-22,165,24.25,X,25.55,Z,-0.78,0.01,-0.13,0.11,98,14.5,I,61.33%
,,0.16,0.01,-0.11,0.09,427,1.6,M,60.17%,1.68,H,1.9,X,1-Apr-22,170,28.7,X,29.35,X,-0.83,0.01,-0.11,0.09,55,17.72,I,60.15%
,,0.12,0.01,-0.09,0.08,781,1.24,N,59.81%,1.13,J,1.34,Z,1-Apr-22,175,32.75,Z,33.9,X,-0.87,0.01,-0.08,0.08,21,24.9,Z,58.58%
,,0.08,0.01,-0.06,0.06,250,0.8,C,58.25%,0.64,X,0.89,X,1-Apr-22,180,35.15,Z,39.1,Z,-1,0,0,0,25,37.1,A,--
,,0.06,0.01,-0.05,0.04,200,0.52,I,58.34%,0.39,X,0.65,X,1-Apr-22,185,41.8,Z,43.95,Z,-0.89,0,-0.08,0.06,10,32.4,I,64.76%
,,0.04,0,-0.04,0.03,109,0.37,C,58.01%,0.2,X,0.47,X,1-Apr-22,190,45.9,Z,48.6,Z,-1,0,0,0,114,37.14,C,--
,,0.03,0,-0.03,0.02,112,0.21,I,57.81%,0.11,X,0.32,X,1-Apr-22,195,49.35,Z,54.7,Z,-1,0,0,0,1,43.72,Q,--
,,0.02,0,-0.02,0.02,70,0.18,X,60.95%,0.1,X,0.3,X,1-Apr-22,200,55.85,Z,59.05,Z,-0.89,0,-0.09,0.06,3,22.48,I,76.95%
,,0.02,0,-0.02,0.02,26,0.28,X,60.76%,0,T,0.26,X,1-Apr-22,205,61.15,Z,63.85,Z,-0.88,0,-0.1,0.06,0,0, ,84.18%
,,0.01,0,-0.02,0.01,36,0.19,W,62.74%,0,T,0.22,X,1-Apr-22,210,66.1,Z,68.85,Z,-0.87,0,-0.11,0.07,0,0, ,90.23%
,,0.01,0,-0.01,0.01,26,0.21,N,65.17%,0,T,0.2,Q,1-Apr-22,215,69.75,Z,74.05,Z,-1,0,0,0,1,57.7,D,--
,,0.01,0,-0.01,0.01,232,0.09,N,66.91%,0,T,0.17,X,1-Apr-22,220,74.1,Z,79,Z,-1,0,0,0,0,0, ,--
,,0.01,0,-0.01,0.01,42,0.01,M,71.11%,0,T,0.14,X,1-Apr-22,230,86.05,Z,89.15,Z,-0.85,0,-0.16,0.07,0,0, ,117.73%
,,,,,,,,,,,,,,,,,,,,,,,,,,,
8 APR 22  (33)  100 (Weeklys),,,,,,,,,,,,,,,,,,,,,,,,,,,
,,Delta,Gamma,Theta,Vega,Open.Int,LAST,LX,Impl Vol,BID,BX,ASK,AX,Exp,Strike,BID,BX,ASK,AX,Delta,Gamma,Theta,Vega,Open.Int,LAST,LX,Impl Vol
,,0.95,0,-0.05,0.04,0,0, ,86.52%,47.2,Z,49.75,Z,8-Apr-22,95,0.53,X,0.84,X,-0.04,0,-0.05,0.04,6,0.29,A,84.06%
,,0.91,0,-0.1,0.07,0,0, ,98.46%,42.45,Z,46.95,Z,8-Apr-22,100,0.88,X,1.04,X,-0.06,0,-0.06,0.05,5,0.99,Z,81.11%
,,0.94,0,-0.06,0.05,0,0, ,71.12%,36.9,Z,40.3,Z,8-Apr-22,105,1.23,X,1.42,X,-0.08,0,-0.07,0.06,1,1.37,J,78.24%
,,0.88,0.01,-0.1,0.08,0,0, ,79.80%,34.25,X,35.45,X,8-Apr-22,110,1.65,X,1.96,X,-0.1,0.01,-0.09,0.08,128,1.9,N,75.44%
,,0.85,0.01,-0.12,0.1,0,0, ,77.39%,29.9,X,31.25,Z,8-Apr-22,115,2.33,X,2.67,Z,-0.14,0.01,-0.11,0.1,21,1.44,E,73.48%
,,0.82,0.01,-0.12,0.11,0,0, ,71.03%,24,X,28.05,X,8-Apr-22,120,3.2,X,3.6,X,-0.18,0.01,-0.12,0.11,33,3.67,I,71.61%
,,0.78,0.01,-0.13,0.13,0,0, ,65.72%,20.65,Z,22.75,Z,8-Apr-22,125,4.3,X,4.7,P,-0.23,0.01,-0.14,0.13,71,4.95,I,69.50%
,,0.71,0.01,-0.15,0.15,1,27,D,68.92%,18.35,X,19.2,X,8-Apr-22,130,5.7,X,6.05,X,-0.29,0.01,-0.15,0.15,59,6.15,N,67.51%
,,0.65,0.01,-0.16,0.16,2,25.2,I,66.09%,14.95,X,15.7,X,8-Apr-22,135,7.45,X,8,B,-0.35,0.01,-0.16,0.16,83,7.85,M,66.67%
,,0.58,0.01,-0.17,0.17,2,11.75,N,65.92%,12.2,X,13.05,Z,8-Apr-22,140,9.45,X,9.9,X,-0.42,0.01,-0.16,0.17,180,9.7,N,64.40%
,,0.51,0.01,-0.17,0.17,13,9.45,Q,64.27%,9.7,P,10.35,X,8-Apr-22,145,11.8,X,12.25,B,-0.5,0.01,-0.16,0.17,60,12.4,N,62.49%
,,0.43,0.01,-0.16,0.17,27,7.29,C,62.79%,7.55,X,8.05,X,8-Apr-22,150,14.6,X,15.15,P,-0.57,0.01,-0.16,0.17,96,15.57,I,61.45%
,,0.36,0.01,-0.15,0.16,93,5.75,C,61.35%,5.7,X,6.15,X,8-Apr-22,155,17.05,Z,18.55,X,-0.65,0.01,-0.14,0.16,28,19.5,M,58.73%
,,0.3,0.01,-0.14,0.15,78,4.1,Q,60.56%,4.3,P,4.65,Z,8-Apr-22,160,21.15,X,22.05,X,-0.7,0.01,-0.13,0.15,34,22.3,N,59.48%
,,0.24,0.01,-0.12,0.13,78,3.21,E,59.33%,3,B,3.5,W,8-Apr-22,165,24.95,X,25.85,P,-0.76,0.01,-0.12,0.13,0,26.22,I,58.43%
,,0.19,0.01,-0.1,0.12,119,2.32,M,59.29%,2.25,X,2.61,X,8-Apr-22,170,29.25,X,29.95,P,-0.81,0.01,-0.1,0.12,2,21.21,I,58.67%
,,0.14,0.01,-0.09,0.1,56,1.57,C,58.53%,1.5,N,1.95,X,8-Apr-22,175,33.25,X,34.9,Z,-0.84,0.01,-0.09,0.1,4,24.25,M,60.03%
,,0.11,0.01,-0.07,0.08,80,1.19,C,58.44%,1.06,X,1.44,X,8-Apr-22,180,37.8,Z,39.2,Z,-0.87,0.01,-0.08,0.09,2,25.24,M,59.80%
,,0.08,0.01,-0.06,0.07,81,0.81,C,58.72%,0.85,P,0.99,Q,8-Apr-22,185,41.9,Z,44.4,Z,-0.88,0,-0.07,0.08,1,35.25,J,61.21%
,,0.06,0,-0.05,0.05,62,0.6,Q,58.55%,0.6,J,0.7,Q,8-Apr-22,190,46.75,Z,49.1,Z,-0.89,0,-0.07,0.07,1,39,Z,63.83%
,,0.05,0,-0.04,0.04,9,0.47,B,58.63%,0.33,X,0.6,X,8-Apr-22,195,51.65,Z,54.15,Z,-0.88,0,-0.08,0.08,0,0, ,69.06%
,,0.03,0,-0.03,0.03,3,0.31,D,58.56%,0.28,Z,0.37,X,8-Apr-22,200,56.3,Z,59.15,Z,-0.88,0,-0.08,0.07,0,0, ,72.29%
,,0.03,0,-0.02,0.03,2,0.27,B,59.43%,0.12,X,0.38,A,8-Apr-22,205,61.25,Z,63.6,Z,-0.88,0,-0.08,0.07,0,0, ,73.81%
,,0.02,0,-0.02,0.02,1,0.4,M,59.44%,0.04,X,0.31,A,8-Apr-22,210,66.25,Z,69,Z,-0.87,0,-0.09,0.08,0,0, ,82.24%
,,0.02,0,-0.01,0.02,1,0.26,A,60.24%,0.01,X,0.26,A,8-Apr-22,215,71,P,73.5,Z,-1,0,0,0,0,0, ,--
,,0.01,0,-0.01,0.01,17,0.11,C,61.77%,0,T,0.23,P,8-Apr-22,220,76.05,Z,79.05,Z,-0.86,0,-0.11,0.08,0,0, ,92.65%
,,0.01,0,-0.01,0.01,3,0.17,X,65.12%,0,M,0.18,X,8-Apr-22,230,86.1,Z,89.85,Z,-0.84,0,-0.14,0.09,0,0, ,109.12%
,,,,,,,,,,,,,,,,,,,,,,,,,,,
14 APR 22  (39)  100,,,,,,,,,,,,,,,,,,,,,,,,,,,
,,Delta,Gamma,Theta,Vega,Open.Int,LAST,LX,Impl Vol,BID,BX,ASK,AX,Exp,Strike,BID,BX,ASK,AX,Delta,Gamma,Theta,Vega,Open.Int,LAST,LX,Impl Vol
,,0.98,0,-0.02,0.02,22,80.58,I,99.47%,67.15,Z,68.85,Z,14-Apr-22,75,0.15,X,0.29,X,-0.01,0,-0.02,0.02,781,0.1,A,94.33%
,,0.97,0,-0.04,0.03,8,95.1,X,101.24%,62.3,Z,64.25,Z,14-Apr-22,80,0.17,X,0.32,D,-0.02,0,-0.02,0.02,132,0.19,I,87.22%
,,0.97,0,-0.04,0.03,7,78.8,Z,93.49%,57.4,B,59.25,Z,14-Apr-22,85,0.32,X,0.51,X,-0.02,0,-0.03,0.03,162,0.32,N,86.36%
,,0.96,0,-0.05,0.04,5,88.2,Z,87.82%,52.55,Z,54.35,Z,14-Apr-22,90,0.5,X,0.68,X,-0.03,0,-0.04,0.04,528,0.6,B,83.41%
,,0.95,0,-0.05,0.05,7,94.5,Q,79.67%,47.55,Z,49.4,Z,14-Apr-22,95,0.79,X,0.91,X,-0.05,0,-0.05,0.05,135,0.85,N,81.10%
,,0.93,0,-0.06,0.06,165,53.03,X,80.23%,41.9,X,46.05,X,14-Apr-22,100,1.1,B,1.19,N,-0.06,0,-0.06,0.06,529,1.19,A,77.95%
,,0.91,0,-0.08,0.08,116,45.8,E,78.60%,38.55,Z,40.45,Z,14-Apr-22,105,1.5,X,1.63,P,-0.09,0,-0.07,0.07,386,1.75,B,75.40%
,,0.88,0.01,-0.09,0.09,44,42.55,Q,75.36%,34.6,X,35.45,X,14-Apr-22,110,2.05,X,2.2,N,-0.11,0.01,-0.08,0.09,412,2.24,N,73.11%
,,0.85,0.01,-0.1,0.11,54,30,C,72.39%,30.3,X,31.1,X,14-Apr-22,115,2.77,X,3,B,-0.15,0.01,-0.1,0.11,"2,384",3.23,I,71.27%
,,0.81,0.01,-0.11,0.13,73,25.4,N,69.97%,26.2,Z,27,B,14-Apr-22,120,3.75,X,3.9,J,-0.19,0.01,-0.11,0.13,"1,771",3.8,Z,69.31%
,,0.76,0.01,-0.13,0.15,486,23.15,D,68.37%,22.4,X,23.25,X,14-Apr-22,125,4.85,X,5.2,J,-0.24,0.01,-0.13,0.15,"1,299",5.2,E,67.63%
,,0.7,0.01,-0.14,0.16,112,18.85,C,67.02%,19.15,X,19.55,C,14-Apr-22,130,6.35,X,6.6,J,-0.3,0.01,-0.14,0.16,"2,113",6.39,W,65.89%
,,0.64,0.01,-0.15,0.17,53,15.61,C,65.01%,15.85,B,16.25,X,14-Apr-22,135,8.15,Z,8.45,X,-0.36,0.01,-0.14,0.17,"1,090",8.25,Q,64.68%
,,0.58,0.01,-0.15,0.18,234,13.43,I,63.83%,13.05,X,13.35,C,14-Apr-22,140,10.2,X,10.6,X,-0.42,0.01,-0.15,0.18,"1,121",10.68,C,63.25%
,,0.51,0.01,-0.15,0.19,276,10.7,Z,62.52%,10.5,B,10.8,X,14-Apr-22,145,12.7,X,13.1,X,-0.49,0.01,-0.15,0.19,"1,234",13,Q,62.23%
,,0.44,0.01,-0.14,0.19,456,8.55,E,61.33%,8.3,T,8.6,X,14-Apr-22,150,15.45,X,15.85,J,-0.56,0.01,-0.14,0.18,"2,441",16.93,W,60.78%
,,0.38,0.01,-0.14,0.18,931,6.85,W,60.45%,6.5,X,6.75,X,14-Apr-22,155,18.6,B,18.95,X,-0.63,0.01,-0.13,0.18,"2,041",20,X,59.63%
,,0.31,0.01,-0.13,0.17,"2,664",5.19,I,59.42%,4.95,X,5.2,Z,14-Apr-22,160,22,X,22.45,X,-0.69,0.01,-0.12,0.17,"1,860",23,E,58.60%
,,0.26,0.01,-0.11,0.15,"1,446",3.89,W,58.69%,3.75,B,3.95,X,14-Apr-22,165,25.65,B,26.25,B,-0.75,0.01,-0.11,0.15,"1,720",27.21,I,57.56%
,,0.2,0.01,-0.1,0.13,"1,018",2.89,E,57.84%,2.72,P,2.98,X,14-Apr-22,170,29.55,X,30.3,P,-0.79,0.01,-0.09,0.13,"1,488",30.95,E,56.56%
,,0.16,0.01,-0.08,0.12,"1,566",2.24,W,57.51%,2.04,X,2.21,X,14-Apr-22,175,33.75,X,34.9,B,-0.83,0.01,-0.08,0.12,465,35.12,I,57.47%
,,0.13,0.01,-0.07,0.1,"1,814",1.59,Q,57.25%,1.5,Q,1.64,X,14-Apr-22,180,38.35,X,39.15,B,-0.85,0.01,-0.07,0.1,835,36.35,P,57.60%
,,0.1,0.01,-0.06,0.08,"1,896",1.06,X,56.92%,1.07,Z,1.21,X,14-Apr-22,185,42.4,Z,44.1,Z,-0.88,0,-0.06,0.09,598,43.5,I,57.51%
,,0.08,0.01,-0.05,0.07,"3,424",0.83,E,56.87%,0.79,J,0.88,X,14-Apr-22,190,47.15,Z,48.6,Z,-0.89,0,-0.06,0.08,201,39.35,C,58.15%
,,0.06,0,-0.04,0.05,"1,036",0.62,J,56.88%,0.57,Z,0.65,X,14-Apr-22,195,51.95,Z,53.65,B,-0.88,0,-0.06,0.08,178,43.7,C,62.35%
,,0.04,0,-0.03,0.04,"2,097",0.44,A,56.72%,0.41,N,0.46,N,14-Apr-22,200,56.85,B,58.25,Z,-0.89,0,-0.06,0.08,"1,341",44.68,E,64.33%
,,0.03,0,-0.02,0.03,"2,414",0.25,N,57.51%,0.24,Q,0.25,Z,14-Apr-22,210,66.85,Z,68.3,Z,-0.87,0,-0.08,0.08,"1,677",56.45,B,75.12%
,,0.01,0,-0.01,0.01,"1,239",0.14,Q,56.23%,0.06,X,0.15,Z,14-Apr-22,220,76.3,Z,78.65,Z,-0.86,0,-0.09,0.08,48,63.35,N,84.43%
,,0.01,0,-0.01,0.02,"1,054",0.17,D,62.44%,0.03,P,0.22,X,14-Apr-22,230,85.85,Z,88.3,Z,-1,0,0,0,83,77.5,M,--
,,0.01,0,-0.01,0.01,761,0.07,J,65.28%,0.02,P,0.18,X,14-Apr-22,240,96.35,Z,97.95,Z,-1,0,0,0,35,101.07,C,--
,,0.01,0,-0.01,0.01,"1,053",0.04,D,67.35%,0.04,D,0.11,X,14-Apr-22,250,106.4,Z,108.45,Z,-0.82,0,-0.12,0.1,30,63.55,T,115.64%
,,0.01,0,-0.01,0.01,380,0.06,B,68.39%,0,I,0.1,N,14-Apr-22,260,116.45,Z,118.25,Z,-0.81,0,-0.04,0.1,9,84.4,C,125.51%
,,0,0,0,0,379,0.01,A,64.46%,0,P,0.03,D,14-Apr-22,270,125.7,Z,128.7,Z,-1,0,0,0,1,95.7,W,--
,,0,0,0,0,119,0.01,N,67.64%,0,P,0.03,Z,14-Apr-22,280,136.2,Z,138.45,Z,-0.78,0,-0.01,0.11,0,0, ,146.57%
,,0,0,0,0,153,0.06,T,75.22%,0,E,0.06,H,14-Apr-22,290,146,Z,148.85,Z,-0.76,0,-0.12,0.11,0,0, ,158.14%
,,0,0,0,0,"1,130",0.04,E,78.34%,0,Q,0.06,Q,14-Apr-22,300,155.6,Z,159.25,Z,-0.75,0,-0.12,0.11,0,0, ,168.78%
,,0,0,0,0,224,0.03,J,76.82%,0,Z,0.03,J,14-Apr-22,310,166.2,Z,169.15,Z,-0.73,0,-0.27,0.12,0,109.9,C,181.57%
,,,,,,,,,,,,,,,,,,,,,,,,,,,
22 APR 22  (47)  100 (Weeklys),,,,,,,,,,,,,,,,,,,,,,,,,,,
,,Delta,Gamma,Theta,Vega,Open.Int,LAST,LX,Impl Vol,BID,BX,ASK,AX,Exp,Strike,BID,BX,ASK,AX,Delta,Gamma,Theta,Vega,Open.Int,LAST,LX,Impl Vol
,,0.9,0,-0.09,0.09,0,0, ,100.22%,47.65,Z,53.15,Z,22-Apr-22,95,0.86,X,1.67,Z,-0.06,0,-0.05,0.06,0,0, ,81.17%
,,0.92,0,-0.06,0.08,0,0, ,78.30%,43.35,Z,45.35,Z,22-Apr-22,100,1.2,X,1.59,X,-0.07,0,-0.06,0.07,0,0, ,74.74%
,,0.87,0,-0.1,0.11,0,0, ,85.85%,38.8,Z,42.95,Z,22-Apr-22,105,0.8,X,2.18,X,-0.08,0,-0.06,0.08,0,0, ,67.82%
,,0.87,0.01,-0.09,0.11,0,0, ,74.09%,35.1,J,36.1,X,22-Apr-22,110,2.42,X,2.73,X,-0.13,0.01,-0.08,0.11,0,2.81,H,71.02%
,,0.82,0.01,-0.11,0.14,0,0, ,78.39%,30.9,X,33.7,Z,22-Apr-22,115,3.2,X,3.55,X,-0.16,0.01,-0.09,0.13,0,0, ,68.98%
,,0.79,0.01,-0.11,0.15,0,0, ,68.67%,26.7,X,27.9,X,22-Apr-22,120,4.25,X,4.65,X,-0.2,0.01,-0.1,0.15,0,4.67,I,67.58%
,,0.75,0.01,-0.12,0.16,0,0, ,68.18%,23.2,X,24.35,Z,22-Apr-22,125,5.6,B,6,X,-0.25,0.01,-0.12,0.16,22,5.66,C,66.46%
,,0.69,0.01,-0.13,0.18,0,20.8,M,66.14%,19.85,C,20.65,Z,22-Apr-22,130,7.1,Z,7.45,Q,-0.3,0.01,-0.12,0.18,35,7.55,M,64.57%
,,0.64,0.01,-0.13,0.19,0,0, ,63.70%,16.55,B,17.25,X,22-Apr-22,135,8.85,X,9.25,X,-0.36,0.01,-0.13,0.19,43,9,N,62.88%
,,0.58,0.01,-0.13,0.2,1,13.5,N,60.81%,13,Z,14.45,Z,22-Apr-22,140,11,X,11.5,X,-0.42,0.01,-0.13,0.2,0,11.8,N,61.90%
,,0.52,0.01,-0.13,0.21,0,10.93,C,61.27%,11.25,X,11.8,X,22-Apr-22,145,13.45,X,13.85,H,-0.49,0.01,-0.13,0.2,0,14.62,I,60.40%
,,0.45,0.01,-0.13,0.2,33,9.5,H,59.74%,8.75,X,9.7,X,22-Apr-22,150,16.2,X,16.65,J,-0.55,0.01,-0.13,0.2,1,17.45,I,59.24%
,,0.39,0.01,-0.12,0.2,0,7.1,Q,59.20%,7.2,X,7.65,X,22-Apr-22,155,19.35,X,20,X,-0.61,0.01,-0.12,0.2,0,0, ,58.97%
,,0.33,0.01,-0.11,0.19,1,5.85,D,57.98%,5.45,X,6.1,Z,22-Apr-22,160,22.6,Z,23.25,J,-0.67,0.01,-0.11,0.18,0,0, ,57.26%
,,0.28,0.01,-0.11,0.17,0,4.34,X,58.39%,4.4,X,4.95,X,22-Apr-22,165,26.25,X,27.1,P,-0.72,0.01,-0.1,0.17,0,0, ,56.83%
,,0.23,0.01,-0.09,0.16,2,3.45,Q,57.21%,3.35,X,3.7,X,22-Apr-22,170,30.15,X,31.15,J,-0.77,0.01,-0.09,0.15,0,30.85,B,56.45%
,,0.19,0.01,-0.08,0.14,2,2.69,M,57.01%,2.58,X,2.88,X,22-Apr-22,175,34.4,X,35.25,X,-0.81,0.01,-0.08,0.14,0,0, ,56.18%
,,0.15,0.01,-0.07,0.12,2,2,P,57.47%,1.91,X,2.44,X,22-Apr-22,180,38.65,X,40.95,Z,-0.81,0.01,-0.09,0.13,0,0, ,61.10%
,,0.12,0.01,-0.06,0.1,1,1.61,C,56.29%,1.46,H,1.66,X,22-Apr-22,185,42.05,Z,44.65,Z,-0.87,0,-0.06,0.1,0,0, ,53.46%
,,0.1,0.01,-0.05,0.09,0,1.23,C,56.98%,1.11,P,1.39,X,22-Apr-22,190,47.25,Z,49.3,Z,-0.87,0,-0.06,0.1,0,0, ,57.35%
,,0.07,0,-0.04,0.07,0,0.86,I,55.42%,0.65,X,1.03,Z,22-Apr-22,195,51.9,Z,54.25,Z,-0.88,0,-0.06,0.09,0,0, ,59.90%
,,0.06,0,-0.04,0.06,2,0.66,I,56.28%,0.6,C,0.76,X,22-Apr-22,200,56.3,Z,60.1,Z,-0.87,0,-0.07,0.1,0,0, ,65.86%
,,0.05,0,-0.03,0.05,2,0.78,W,58.00%,0.41,X,0.79,Z,22-Apr-22,205,61.3,Z,63.75,Z,-0.88,0,-0.06,0.09,0,0, ,63.14%
,,0.06,0,-0.04,0.06,0,0, ,63.65%,0,T,1.5,Z,22-Apr-22,210,66.35,Z,69.3,Z,-0.87,0,-0.07,0.09,0,0, ,71.23%
,,0.06,0,-0.04,0.06,0,0, ,67.61%,0.12,X,1.5,X,22-Apr-22,215,71.1,Z,74.35,Z,-0.86,0,-0.07,0.09,0,0, ,74.89%
,,0.05,0,-0.04,0.06,0,0, ,69.46%,0,T,1.5,X,22-Apr-22,220,76.15,Z,79.25,Z,-0.86,0,-0.08,0.1,0,0, ,79.38%
,,0.05,0,-0.04,0.05,0,0, ,74.90%,0,T,1.5,X,22-Apr-22,230,83.1,Z,90.8,Z,-1,0,0,0,0,0, ,--
,,,,,,,,,,,,,,,,,,,,,,,,,,,
20 MAY 22  (75)  100,,,,,,,,,,,,,,,,,,,,,,,,,,,
,,Delta,Gamma,Theta,Vega,Open.Int,LAST,LX,Impl Vol,BID,BX,ASK,AX,Exp,Strike,BID,BX,ASK,AX,Delta,Gamma,Theta,Vega,Open.Int,LAST,LX,Impl Vol
,,0.97,0,-0.03,0.05,0,0, ,86.05%,67.55,Z,69.5,Z,20-May-22,75,0.5,X,0.72,X,-0.03,0,-0.02,0.04,46,0.32,B,80.96%
,,0.96,0,-0.03,0.05,0,0, ,79.51%,62.4,Z,64.75,Z,20-May-22,80,0.73,X,0.94,X,-0.04,0,-0.03,0.05,68,0.69,Z,78.58%
,,0.94,0,-0.04,0.07,4,78.55,D,80.83%,58.1,Z,60.15,Z,20-May-22,85,1.13,X,1.24,X,-0.05,0,-0.03,0.07,176,1.25,C,77.26%
,,0.94,0,-0.04,0.08,2,62,N,75.33%,53.25,Z,55.3,B,20-May-22,90,1.52,X,1.63,P,-0.06,0,-0.04,0.08,70,1.62,N,75.23%
,,0.92,0,-0.05,0.1,4,49.3,D,72.48%,48.55,Z,50.8,Z,20-May-22,95,2.03,X,2.13,H,-0.08,0,-0.05,0.1,214,2.31,M,73.47%
,,0.89,0,-0.06,0.12,22,45.15,D,74.50%,45.15,X,46.3,Z,20-May-22,100,2.67,B,2.84,X,-0.11,0,-0.06,0.12,"1,030",2.93,M,72.21%
,,0.86,0,-0.07,0.14,13,55.55,B,73.47%,41,Z,42.25,X,20-May-22,105,3.45,P,3.65,X,-0.13,0,-0.07,0.14,235,3.2,E,70.77%
,,0.83,0.01,-0.08,0.16,24,36.8,D,71.25%,37.05,X,37.95,Q,20-May-22,110,4.4,X,4.55,X,-0.16,0.01,-0.07,0.16,383,4.67,C,69.18%
,,0.8,0.01,-0.08,0.18,44,41,Q,69.92%,33.1,Z,34.25,X,20-May-22,115,5.5,X,5.8,X,-0.2,0.01,-0.08,0.18,419,6.05,C,68.08%
,,0.76,0.01,-0.09,0.2,67,35.75,D,68.41%,29.65,X,30.35,X,20-May-22,120,6.8,X,7.2,X,-0.24,0.01,-0.09,0.2,500,7.2,A,66.88%
,,0.72,0.01,-0.1,0.22,30,25.65,D,66.61%,25.95,B,26.95,Z,20-May-22,125,8.35,B,8.55,Z,-0.28,0.01,-0.09,0.22,665,8.6,N,65.20%
,,0.68,0.01,-0.1,0.23,31,22.73,X,65.15%,22.95,B,23.4,X,20-May-22,130,10.05,X,10.35,Z,-0.32,0.01,-0.1,0.23,468,10.6,N,63.95%
,,0.63,0.01,-0.1,0.24,62,19.4,A,64.55%,20.05,X,20.6,Q,20-May-22,135,12.05,X,12.4,P,-0.37,0.01,-0.1,0.24,885,12.11,C,62.90%
,,0.58,0.01,-0.11,0.25,87,17.17,C,63.51%,17.3,B,17.9,Q,20-May-22,140,14.3,X,14.7,X,-0.42,0.01,-0.1,0.25,"1,090",14.35,C,61.92%
,,0.53,0.01,-0.11,0.26,290,14,N,61.95%,14.55,X,15.4,X,20-May-22,145,16.85,X,17.35,X,-0.47,0.01,-0.1,0.26,"1,257",17.2,H,61.28%
,,0.48,0.01,-0.1,0.26,326,12.87,X,60.94%,12.55,X,12.9,C,20-May-22,150,19.55,Z,20.2,X,-0.52,0.01,-0.1,0.26,520,21,Z,60.39%
,,0.43,0.01,-0.1,0.26,445,10.6,W,60.41%,10.55,X,11.1,X,20-May-22,155,22.6,J,23.05,Z,-0.57,0.01,-0.1,0.25,635,23.56,C,59.29%
,,0.39,0.01,-0.1,0.25,"1,724",8.8,N,59.80%,9,N,9.25,Q,20-May-22,160,25.8,X,26.55,B,-0.61,0.01,-0.1,0.25,540,26.45,I,58.90%
,,0.34,0.01,-0.09,0.24,622,7.62,C,59.06%,7.5,B,7.7,J,20-May-22,165,29.15,X,29.8,J,-0.66,0.01,-0.09,0.24,189,30.77,M,57.44%
,,0.3,0.01,-0.09,0.23,366,6.1,D,58.45%,6.2,X,6.4,Z,20-May-22,170,32.95,Q,33.5,A,-0.7,0.01,-0.08,0.22,124,34.12,I,57.06%
,,0.26,0.01,-0.08,0.21,725,5.2,X,57.94%,5.1,X,5.3,Z,20-May-22,175,36.85,X,37.7,Q,-0.74,0.01,-0.08,0.21,635,37.3,B,57.31%
,,0.22,0.01,-0.07,0.19,"1,123",4.1,C,57.39%,4.15,N,4.35,X,20-May-22,180,40.85,X,41.6,Z,-0.77,0.01,-0.07,0.19,636,42.12,I,56.39%
,,0.19,0.01,-0.07,0.18,"1,715",3.4,N,56.73%,3.3,B,3.55,X,20-May-22,185,45.15,X,45.85,X,-0.8,0.01,-0.07,0.18,"2,517",44.45,J,56.51%
,,0.16,0.01,-0.06,0.16,861,2.6,P,56.40%,2.65,X,2.92,X,20-May-22,190,49.4,X,50.1,X,-0.82,0.01,-0.06,0.16,131,41.3,W,55.90%
,,0.14,0.01,-0.05,0.14,537,2.22,W,56.18%,2.15,C,2.38,X,20-May-22,195,54,X,55.15,Z,-0.83,0,-0.06,0.15,122,45.55,N,58.53%
,,0.12,0.01,-0.05,0.13,"1,582",1.91,H,56.01%,1.77,X,1.91,A,20-May-22,200,58,Z,59.25,X,-0.85,0,-0.05,0.13,51,58.85,Z,55.57%
,,0.08,0,-0.04,0.1,953,1.15,Q,55.89%,1.17,C,1.27,X,20-May-22,210,67.25,Z,69.2,Z,-0.86,0,-0.05,0.13,18,60.85,I,59.79%
,,0.06,0,-0.03,0.07,634,0.84,X,55.70%,0.75,X,0.84,X,20-May-22,220,76.95,P,78.55,Z,-0.86,0,-0.05,0.12,37,57.85,B,63.37%
,,0.04,0,-0.02,0.05,"1,016",0.53,I,55.38%,0.43,X,0.58,X,20-May-22,230,86.7,Z,88.85,Z,-0.84,0,-0.06,0.13,2,67.7,C,71.10%
,,0.03,0,-0.02,0.04,865,0.37,E,56.15%,0.3,X,0.42,X,20-May-22,240,96.3,Z,98.85,Z,-0.83,0,-0.07,0.13,2,55.25,Q,77.12%
,,0.02,0,-0.01,0.03,227,0.4,X,55.80%,0.14,X,0.31,X,20-May-22,250,106.5,B,108.4,Z,-0.82,0,-0.07,0.13,3,108.1,X,83.81%
,,0.01,0,-0.01,0.02,17,0.2,B,56.88%,0.08,X,0.26,X,20-May-22,260,115.4,Z,118.4,Z,-1,0,0,0,3,118.05,X,--
,,,,,,,,,,,,,,,,,,,,,,,,,,,
17 JUN 22  (103)  100,,,,,,,,,,,,,,,,,,,,,,,,,,,
,,Delta,Gamma,Theta,Vega,Open.Int,LAST,LX,Impl Vol,BID,BX,ASK,AX,Exp,Strike,BID,BX,ASK,AX,Delta,Gamma,Theta,Vega,Open.Int,LAST,LX,Impl Vol
,,0.97,0,-0.03,0.06,41,125,Q,92.93%,77.55,Z,80.05,Z,17-Jun-22,65,0.36,X,0.6,A,-0.02,0,-0.01,0.04,"1,468",0.47,I,79.15%
,,0.97,0,-0.02,0.06,43,115.25,A,83.95%,72.75,Z,74.7,Z,17-Jun-22,70,0.59,X,0.81,B,-0.03,0,-0.02,0.05,322,0.73,P,77.62%
,,0.95,0,-0.03,0.08,20,103.35,Z,84.72%,67.35,Z,71.2,Z,17-Jun-22,75,0.88,X,1.07,X,-0.04,0,-0.02,0.06,"1,198",0.98,I,75.92%
,,0.94,0,-0.03,0.09,54,94.1,Z,79.86%,63.5,Z,65.45,Z,17-Jun-22,80,1.21,X,1.4,X,-0.05,0,-0.03,0.08,"2,112",1.33,I,74.02%
,,0.93,0,-0.04,0.1,17,68.3,N,76.98%,58.85,Z,60.9,Z,17-Jun-22,85,1.63,X,1.81,B,-0.06,0,-0.03,0.09,"1,259",1.76,N,72.26%
,,0.92,0,-0.04,0.12,112,98.9,D,73.43%,54.5,B,56,Z,17-Jun-22,90,2.15,X,2.31,C,-0.08,0,-0.04,0.11,"1,920",2.3,B,70.57%
,,0.91,0,-0.04,0.12,81,88.25,N,64.04%,47.85,Z,52,Z,17-Jun-22,95,2.81,B,2.99,X,-0.1,0,-0.04,0.13,"1,077",1.75,X,69.33%
,,0.87,0,-0.05,0.16,367,48,N,69.27%,45.8,X,47.35,X,17-Jun-22,100,3.55,X,3.8,X,-0.12,0,-0.05,0.15,"6,303",3.8,A,67.94%
,,0.84,0,-0.06,0.18,44,41.3,I,69.88%,42.4,X,43.35,X,17-Jun-22,105,4.5,X,4.7,B,-0.15,0,-0.06,0.18,871,4.77,W,66.63%
,,0.82,0.01,-0.07,0.2,150,45,C,67.85%,38.2,X,39.55,X,17-Jun-22,110,5.6,X,5.85,X,-0.18,0.01,-0.06,0.2,"2,984",5.88,M,65.57%
,,0.78,0.01,-0.07,0.22,71,33.35,W,66.36%,34.6,X,35.65,X,17-Jun-22,115,6.85,X,7.1,J,-0.21,0.01,-0.07,0.22,"6,875",7.2,Q,64.30%
,,0.75,0.01,-0.08,0.24,211,41.88,Z,65.03%,31.2,X,31.95,X,17-Jun-22,120,8.35,Q,8.6,X,-0.25,0.01,-0.07,0.24,"3,839",8.45,C,63.35%
,,0.71,0.01,-0.08,0.26,728,35.65,Q,63.69%,27.8,B,28.6,X,17-Jun-22,125,10,X,10.25,P,-0.29,0.01,-0.08,0.26,"5,751",10.35,C,62.23%
,,0.67,0.01,-0.08,0.27,304,24.6,N,62.86%,24.9,X,25.4,X,17-Jun-22,130,11.9,H,12.15,X,-0.33,0.01,-0.08,0.27,"3,534",12.28,I,61.31%
,,0.63,0.01,-0.09,0.29,234,22,Z,61.24%,21.8,X,22.35,X,17-Jun-22,135,14,X,14.25,X,-0.37,0.01,-0.08,0.29,"6,015",14.1,N,60.36%
,,0.59,0.01,-0.09,0.3,"1,009",18.65,Q,61.16%,19.3,X,20,X,17-Jun-22,140,16.15,X,16.85,X,-0.41,0.01,-0.09,0.3,"3,369",16.57,M,59.65%
,,0.54,0.01,-0.09,0.3,548,16.56,X,59.95%,16.7,X,17.5,X,17-Jun-22,145,18.55,X,19.15,X,-0.46,0.01,-0.08,0.3,"1,317",19.3,Q,58.15%
,,0.5,0.01,-0.09,0.3,"1,709",14.7,N,58.73%,14.5,X,15,X,17-Jun-22,150,21.6,X,22.2,B,-0.5,0.01,-0.09,0.3,"2,361",22.8,P,58.28%
,,0.46,0.01,-0.09,0.3,"1,335",12.9,Z,58.34%,12.7,C,13,P,17-Jun-22,155,24.4,X,25.25,B,-0.55,0.01,-0.08,0.3,"1,281",25.9,B,57.33%
,,0.41,0.01,-0.08,0.3,453,11,X,57.80%,10.95,H,11.25,H,17-Jun-22,160,27.8,A,28.3,B,-0.59,0.01,-0.08,0.29,"1,790",27.8,B,56.73%
,,0.37,0.01,-0.08,0.29,528,9.4,P,57.06%,9.3,X,9.65,X,17-Jun-22,165,31,X,32.1,B,-0.63,0.01,-0.08,0.29,824,23.4,E,56.45%
,,0.33,0.01,-0.08,0.28,"1,703",7.65,W,56.58%,8,B,8.2,X,17-Jun-22,170,34.65,X,35.2,X,-0.67,0.01,-0.07,0.27,"3,070",35.9,Q,55.11%
,,0.3,0.01,-0.07,0.26,"1,521",6.69,A,55.87%,6.65,X,7,X,17-Jun-22,175,38.35,X,38.95,X,-0.7,0.01,-0.07,0.26,"1,457",31.55,Q,54.43%
,,0.26,0.01,-0.07,0.25,"3,755",5.75,N,55.34%,5.55,C,5.95,X,17-Jun-22,180,42.3,X,42.85,Z,-0.74,0.01,-0.06,0.24,872,39.41,J,53.95%
,,0.23,0.01,-0.06,0.23,"2,405",5,X,54.86%,4.6,X,5.05,Q,17-Jun-22,185,46.35,X,47.3,X,-0.76,0.01,-0.06,0.23,"1,837",48.2,B,54.36%
,,0.2,0.01,-0.06,0.21,"1,968",4.05,C,54.74%,3.95,X,4.25,X,17-Jun-22,190,50.45,X,51.55,Z,-0.79,0.01,-0.06,0.21,"1,880",39.71,C,54.02%
,,0.17,0.01,-0.05,0.2,"1,580",3.5,W,54.37%,3.3,X,3.55,X,17-Jun-22,195,54.75,X,55.8,X,-0.81,0,-0.05,0.2,237,49.35,Q,53.72%
,,0.15,0.01,-0.05,0.18,"4,662",2.78,X,54.27%,2.79,C,3,X,17-Jun-22,200,59.25,X,60.35,X,-0.82,0,-0.05,0.18,266,52.1,P,54.39%
,,0.11,0,-0.04,0.15,"2,812",2,B,53.87%,1.92,X,2.13,X,17-Jun-22,210,68.55,C,69.4,X,-0.84,0,-0.04,0.16,218,55.6,C,55.87%
,,0.09,0,-0.03,0.12,"2,134",1.44,Z,53.80%,1.38,B,1.49,C,17-Jun-22,220,77.7,Z,79.25,Z,-0.84,0,-0.04,0.16,170,66.55,T,58.98%
,,0.06,0,-0.02,0.09,"1,318",1.04,A,53.66%,0.95,X,1.06,A,17-Jun-22,230,87.45,B,88.6,Z,-0.84,0,-0.05,0.15,272,79.55,Q,62.38%
,,0.04,0,-0.02,0.07,"1,731",0.68,I,53.18%,0.59,X,0.76,C,17-Jun-22,240,96.65,Z,98.75,Z,-0.83,0,-0.05,0.15,103,76.55,X,66.68%
,,0.03,0,-0.02,0.06,"1,455",0.52,W,53.83%,0.45,X,0.57,X,17-Jun-22,250,105.6,B,109.55,B,-0.82,0,-0.06,0.16,47,78.5,Z,72.37%
,,0.03,0,-0.01,0.05,327,0.4,Q,54.17%,0.32,A,0.43,X,17-Jun-22,260,116.5,Z,118.7,Z,-0.8,0,-0.06,0.16,8,90.55,Z,79.05%
,,0.02,0,-0.01,0.04,"1,956",0.43,N,54.17%,0.19,M,0.34,X,17-Jun-22,270,125.95,Z,129.65,Z,-0.79,0,-0.07,0.17,16,112,N,86.75%
,,0.01,0,-0.01,0.03,936,0.43,N,54.47%,0.1,X,0.29,X,17-Jun-22,280,134.8,Z,139.45,Z,-1,0,0,0,29,137.1,W,--
,,0.01,0,-0.01,0.02,836,1.16,Q,55.23%,0.08,A,0.23,X,17-Jun-22,290,146.15,Z,149.2,Z,-0.76,0,-0.09,0.18,0,0, ,99.06%
,,0.01,0,-0.01,0.02,"1,051",0.15,B,56.00%,0.03,X,0.22,X,17-Jun-22,300,155.75,Z,159.7,Z,-0.74,0,-0.09,0.19,3,168.6,D,105.86%
,,0.01,0,-0.01,0.02,206,0.3,E,58.85%,0.06,X,0.22,X,17-Jun-22,310,166.3,Z,169.15,Z,-0.73,0,-0.1,0.19,4,126,W,112.39%
,,0.01,0,-0.01,0.02,"1,743",0.1,X,59.81%,0.05,P,0.19,X,17-Jun-22,320,176.15,Z,179.25,Z,-0.71,0,-0.11,0.19,3,139.6,D,118.79%
,,,,,,,,,,,,,,,,,,,,,,,,,,,
15 JUL 22  (131)  100,,,,,,,,,,,,,,,,,,,,,,,,,,,
,,Delta,Gamma,Theta,Vega,Open.Int,LAST,LX,Impl Vol,BID,BX,ASK,AX,Exp,Strike,BID,BX,ASK,AX,Delta,Gamma,Theta,Vega,Open.Int,LAST,LX,Impl Vol
,,0.95,0,-0.02,0.08,0,0, ,73.08%,67.8,Z,70.4,Z,15-Jul-22,75,1.2,C,1.43,X,-0.04,0,-0.02,0.08,264,0.56,A,71.94%
,,0.95,0,-0.02,0.09,2,73.81,C,69.03%,63,X,65.6,Z,15-Jul-22,80,1.61,X,1.81,X,-0.06,0,-0.03,0.1,77,1.45,X,70.11%
,,0.92,0,-0.03,0.12,3,88.7,N,70.81%,59.15,X,61.2,Z,15-Jul-22,85,2.17,B,2.31,X,-0.07,0,-0.03,0.12,9,0.71,E,68.79%
,,0.9,0,-0.04,0.15,1,67.35,D,73.83%,55,Z,58,Z,15-Jul-22,90,2.81,Z,2.94,X,-0.09,0,-0.04,0.14,286,1.83,Q,67.48%
,,0.88,0,-0.04,0.17,1,90.78,C,69.23%,51.05,X,52.6,Z,15-Jul-22,95,3.55,X,3.75,J,-0.11,0,-0.04,0.16,34,2.27,B,66.32%
,,0.86,0,-0.05,0.19,22,46.1,C,67.83%,47.05,X,48.45,X,15-Jul-22,100,4.45,Z,4.7,Z,-0.13,0,-0.05,0.19,494,4.73,I,65.28%
,,0.83,0,-0.05,0.21,2,56.79,Q,66.52%,43.25,X,44.4,X,15-Jul-22,105,5.45,X,5.75,Z,-0.16,0,-0.05,0.21,672,3.62,Q,64.01%
,,0.8,0,-0.06,0.24,15,61.4,I,65.47%,39.55,X,40.65,X,15-Jul-22,110,6.65,C,6.95,X,-0.19,0.01,-0.06,0.23,"1,030",7.1,Z,62.88%
,,0.77,0.01,-0.06,0.26,14,62.25,B,64.08%,35.8,X,37.1,X,15-Jul-22,115,8.05,P,8.35,J,-0.22,0.01,-0.06,0.25,685,8.4,B,61.92%
,,0.74,0.01,-0.07,0.28,21,32.3,C,63.15%,32.55,B,33.6,X,15-Jul-22,120,9.5,C,9.95,X,-0.26,0.01,-0.06,0.27,869,10.25,A,60.78%
,,0.71,0.01,-0.07,0.29,9,29.4,Q,61.87%,29.3,X,30.25,X,15-Jul-22,125,11.2,X,11.7,P,-0.29,0.01,-0.07,0.29,"1,093",12.1,P,59.74%
,,0.67,0.01,-0.07,0.31,38,34.9,D,60.69%,26.45,B,26.9,X,15-Jul-22,130,13.35,Q,13.7,J,-0.33,0.01,-0.07,0.31,592,13.5,N,59.24%
,,0.63,0.01,-0.07,0.32,48,24,D,59.82%,23.55,X,24.15,P,15-Jul-22,135,15.45,X,16.05,X,-0.37,0.01,-0.07,0.32,475,12.58,M,58.59%
,,0.59,0.01,-0.07,0.33,219,20.9,C,59.14%,20.95,X,21.6,X,15-Jul-22,140,17.8,C,18.3,X,-0.41,0.01,-0.07,0.33,"1,162",18,B,57.58%
,,0.55,0.01,-0.08,0.34,88,18.75,Z,58.19%,18.5,X,19.1,J,15-Jul-22,145,20.4,A,21.05,Q,-0.45,0.01,-0.07,0.34,"1,496",21.57,X,57.13%
,,0.51,0.01,-0.07,0.34,114,16.38,I,57.44%,16.3,X,16.85,X,15-Jul-22,150,23.2,X,23.55,C,-0.49,0.01,-0.07,0.34,"1,381",23.7,Z,56.04%
,,0.47,0.01,-0.07,0.34,275,14.85,D,57.04%,14.45,H,14.85,X,15-Jul-22,155,26.1,X,26.55,C,-0.53,0.01,-0.07,0.34,366,25.1,N,55.29%
,,0.43,0.01,-0.07,0.34,375,12.5,H,56.42%,12.55,X,13.1,P,15-Jul-22,160,29.3,X,30.1,Q,-0.57,0.01,-0.07,0.33,268,28.58,J,55.29%
,,0.39,0.01,-0.07,0.33,325,10.55,D,55.59%,10.8,X,11.4,P,15-Jul-22,165,32.55,X,33.4,B,-0.61,0.01,-0.07,0.33,281,26.65,C,54.48%
,,0.36,0.01,-0.07,0.32,301,9.84,C,55.25%,9.5,C,9.9,X,15-Jul-22,170,35.95,X,37,B,-0.64,0.01,-0.06,0.32,165,37.05,I,53.87%
,,0.32,0.01,-0.06,0.31,343,8.15,N,54.78%,8.2,X,8.6,X,15-Jul-22,175,39.7,X,40.35,Z,-0.68,0.01,-0.06,0.3,304,31.73,C,52.93%
,,0.29,0.01,-0.06,0.29,809,7.05,E,54.59%,7.15,H,7.5,Z,15-Jul-22,180,43.55,X,45,X,-0.7,0.01,-0.06,0.29,130,37.3,C,53.90%
,,0.26,0.01,-0.06,0.28,403,5.9,A,53.78%,5.95,X,6.45,X,15-Jul-22,185,47.4,X,48.5,Z,-0.74,0.01,-0.05,0.27,195,48.3,J,52.48%
,,0.23,0.01,-0.05,0.26,116,5.2,N,53.63%,5.2,J,5.55,X,15-Jul-22,190,51.4,X,52.6,Z,-0.76,0.01,-0.05,0.25,171,45.77,I,51.98%
,,0.21,0.01,-0.05,0.25,178,4.7,X,53.58%,4.55,J,4.8,X,15-Jul-22,195,55.95,X,57.2,Z,-0.77,0.01,-0.05,0.24,22,43.45,I,53.26%
,,0.18,0.01,-0.05,0.23,349,3.9,I,53.05%,3.8,C,4.1,X,15-Jul-22,200,60.2,X,61.45,Z,-0.79,0,-0.05,0.23,8,54.75,N,52.96%
,,0.14,0.01,-0.04,0.19,"2,245",2.96,M,52.79%,2.8,X,3.05,X,15-Jul-22,210,68.9,X,70.7,Z,-0.82,0,-0.04,0.2,14,35.46,M,53.79%
,,0.11,0,-0.03,0.16,508,2.17,M,52.47%,2.06,X,2.22,P,15-Jul-22,220,78.15,X,79.9,X,-0.83,0,-0.04,0.19,23,45.74,A,55.34%
,,0.09,0,-0.03,0.14,73,2.14,D,52.40%,1.52,X,1.65,Q,15-Jul-22,230,87.35,X,89.45,X,-0.83,0,-0.04,0.18,29,51.7,P,57.48%
,,0.07,0,-0.02,0.11,40,1.17,D,52.24%,1.1,X,1.22,X,15-Jul-22,240,97,Z,98.95,Z,-0.83,0,-0.04,0.18,8,64.55,X,60.73%
,,0.05,0,-0.02,0.09,136,0.9,D,52.46%,0.84,N,0.92,X,15-Jul-22,250,106.65,Z,109.6,Z,-0.81,0,-0.05,0.19,6,67.72,W,67.24%
,,0.04,0,-0.01,0.07,430,0.66,E,52.36%,0.58,C,0.71,X,15-Jul-22,260,116.15,Z,119.05,Z,-0.8,0,-0.05,0.18,4,93.35,N,70.13%
,,0.03,0,-0.01,0.06,223,0.56,D,52.32%,0.4,C,0.55,X,15-Jul-22,270,125.95,Z,129.5,Z,-0.79,0,-0.06,0.19,3,108.4,J,76.57%
,,0.02,0,-0.01,0.05,29,0.36,N,52.18%,0.25,X,0.44,X,15-Jul-22,280,134.45,Z,139.5,Z,-1,0,0,0,12,118.05,Q,--
,,0.02,0,-0.01,0.04,18,0.51,A,52.96%,0.2,A,0.37,X,15-Jul-22,290,144.4,Z,149.6,Z,-1,0,0,0,5,115.15,D,--
,,0.02,0,-0.01,0.03,73,0.26,M,53.20%,0.12,X,0.32,X,15-Jul-22,300,154.55,Z,159.6,Z,-1,0,0,0,2,122.65,C,--
,,0.01,0,-0.01,0.03,67,0.18,A,53.96%,0.09,A,0.28,X,15-Jul-22,310,165.25,Z,169.55,Z,-0.73,0,-0.08,0.21,0,0, ,98.17%
,,,,,,,,,,,,,,,,,,,,,,,,,,,
16 SEP 22  (194)  100,,,,,,,,,,,,,,,,,,,,,,,,,,,
,,Delta,Gamma,Theta,Vega,Open.Int,LAST,LX,Impl Vol,BID,BX,ASK,AX,Exp,Strike,BID,BX,ASK,AX,Delta,Gamma,Theta,Vega,Open.Int,LAST,LX,Impl Vol
,,0.93,0,-0.03,0.14,7,82.59,I,73.43%,67.35,X,74.1,Z,16-Sep-22,75,2.22,B,2.45,X,-0.06,0,-0.02,0.13,40,0.85,M,68.24%
,,0.92,0,-0.03,0.16,3,73.63,X,71.09%,65.2,X,67.4,X,16-Sep-22,80,2.87,Z,3.05,X,-0.08,0,-0.03,0.15,95,3.3,N,66.94%
,,0.9,0,-0.03,0.19,0,0, ,71.15%,61,X,63.75,Z,16-Sep-22,85,3.6,B,3.8,P,-0.09,0,-0.03,0.17,121,2.99,T,65.74%
,,0.88,0,-0.04,0.21,5,55.3,Q,67.65%,56.95,X,58.8,Z,16-Sep-22,90,4.45,X,4.75,X,-0.11,0,-0.03,0.2,0,4.6,Q,64.81%
,,0.86,0,-0.04,0.23,1,54.2,Q,67.25%,53.5,J,54.7,X,16-Sep-22,95,5.5,X,5.85,X,-0.13,0,-0.04,0.23,10,5.9,P,64.08%
,,0.84,0,-0.04,0.26,13,49.5,H,65.65%,49.55,X,50.8,X,16-Sep-22,100,6.6,J,7,X,-0.16,0,-0.04,0.25,78,7.15,H,62.98%
,,0.81,0,-0.05,0.28,3,43.8,Q,64.65%,45.75,X,47.3,X,16-Sep-22,105,7.9,X,8.25,X,-0.18,0,-0.04,0.28,500,7.94,C,61.95%
,,0.79,0,-0.05,0.3,5,57.47,I,63.78%,42.3,X,43.8,X,16-Sep-22,110,9.25,X,9.75,X,-0.21,0,-0.05,0.3,13,10,N,60.97%
,,0.76,0,-0.05,0.32,14,48,N,62.47%,38.9,X,40.25,X,16-Sep-22,115,10.85,Z,11.2,X,-0.24,0,-0.05,0.32,57,8.9,C,59.85%
,,0.73,0.01,-0.05,0.34,35,43.05,J,61.80%,35.85,A,37.05,X,16-Sep-22,120,12.6,X,13.1,X,-0.27,0.01,-0.05,0.34,186,12.8,Z,59.19%
,,0.7,0.01,-0.06,0.36,32,39.7,J,60.21%,32.5,X,33.8,X,16-Sep-22,125,14.4,B,14.85,X,-0.3,0.01,-0.05,0.36,302,15.21,C,57.95%
,,0.67,0.01,-0.06,0.38,46,29.92,M,59.75%,29.8,X,31,X,16-Sep-22,130,16.5,C,17,X,-0.33,0.01,-0.06,0.38,322,16.86,A,57.26%
,,0.63,0.01,-0.06,0.39,17,37.29,A,58.74%,27.15,X,28.05,Z,16-Sep-22,135,18.75,X,19.35,Z,-0.37,0.01,-0.06,0.39,510,17,P,56.60%
,,0.6,0.01,-0.06,0.4,216,25,D,58.11%,24.75,X,25.45,X,16-Sep-22,140,21.15,X,21.75,Z,-0.4,0.01,-0.06,0.4,261,22.15,Z,55.79%
,,0.57,0.01,-0.06,0.41,50,21.9,A,57.28%,22.3,C,23.05,X,16-Sep-22,145,23.75,X,24.4,P,-0.43,0.01,-0.06,0.41,385,21.6,X,55.15%
,,0.54,0.01,-0.06,0.41,85,20.23,I,57.00%,20.2,X,21.05,X,16-Sep-22,150,26.35,X,27.1,C,-0.47,0.01,-0.06,0.41,49,23,Z,54.19%
,,0.5,0.01,-0.06,0.42,165,26.25,A,56.41%,18.3,C,18.9,X,16-Sep-22,155,29.5,X,30.2,X,-0.5,0.01,-0.06,0.41,780,30.85,N,54.01%
,,0.47,0.01,-0.06,0.41,120,16.75,M,55.97%,16.4,X,17.15,X,16-Sep-22,160,32.7,X,33.25,C,-0.54,0.01,-0.06,0.41,326,26.45,Z,53.47%
,,0.44,0.01,-0.06,0.41,71,19.29,M,55.49%,14.8,X,15.35,X,16-Sep-22,165,35.9,X,36.55,N,-0.57,0.01,-0.06,0.41,145,27.8,H,52.89%
,,0.41,0.01,-0.06,0.4,195,12.9,D,54.81%,13.2,C,13.65,X,16-Sep-22,170,39.4,X,39.95,C,-0.6,0.01,-0.05,0.4,229,40.55,Q,52.47%
,,0.38,0.01,-0.06,0.4,102,11.85,B,54.56%,11.75,C,12.4,X,16-Sep-22,175,42.9,X,43.6,X,-0.63,0.01,-0.05,0.39,155,36.3,N,52.06%
,,0.35,0.01,-0.05,0.38,394,10.15,I,54.07%,10.55,C,10.95,Z,16-Sep-22,180,46.55,X,47.3,Z,-0.66,0.01,-0.05,0.37,208,37.3,I,51.59%
,,0.32,0.01,-0.05,0.37,143,13.6,H,53.75%,9.35,X,9.85,X,16-Sep-22,185,50.3,X,51.15,Z,-0.68,0.01,-0.05,0.36,4,51.4,E,51.16%
,,0.29,0.01,-0.05,0.36,169,8.2,B,53.42%,8.3,X,8.8,Z,16-Sep-22,190,54.15,X,55.5,Z,-0.7,0.01,-0.05,0.35,77,47.21,Q,51.31%
,,0.27,0.01,-0.05,0.34,274,7.45,N,53.09%,7.4,C,7.8,X,16-Sep-22,195,58.2,X,59.8,X,-0.72,0.01,-0.04,0.33,0,0, ,51.46%
,,0.25,0.01,-0.04,0.33,392,6.35,N,52.96%,6.65,X,6.95,X,16-Sep-22,200,62.25,X,63.85,Z,-0.74,0,-0.04,0.32,67,54.51,C,51.01%
,,0.21,0.01,-0.04,0.3,303,5,C,52.51%,5.25,C,5.5,Z,16-Sep-22,210,70.85,X,72.35,Z,-0.78,0,-0.04,0.29,1,48.95,W,50.93%
,,0.17,0,-0.04,0.26,121,4.2,W,52.00%,4.05,X,4.35,Z,16-Sep-22,220,79.4,X,81.35,X,-0.8,0,-0.03,0.26,4,54.05,Z,51.00%
,,0.14,0,-0.03,0.23,127,3.5,M,51.78%,3.2,X,3.45,Z,16-Sep-22,230,89.05,X,90.4,M,-0.8,0,-0.03,0.25,17,53.55,Q,52.94%
,,0.12,0,-0.03,0.2,78,3.4,N,51.67%,2.49,X,2.8,X,16-Sep-22,240,98.45,X,100.15,X,-0.8,0,-0.03,0.24,8,60.55,Z,55.72%
,,0.1,0,-0.02,0.18,22,2.62,T,51.64%,1.99,X,2.24,X,16-Sep-22,250,107.8,C,110.55,X,-0.79,0,-0.04,0.25,14,68.15,X,59.75%
,,0.08,0,-0.02,0.15,39,2.79,Q,51.51%,1.55,X,1.8,X,16-Sep-22,260,117.4,B,119.2,Z,-0.79,0,-0.04,0.24,2,85.3,X,60.71%
,,,,,,,,,,,,,,,,,,,,,,,,,,,
21 OCT 22  (229)  100,,,,,,,,,,,,,,,,,,,,,,,,,,,
,,Delta,Gamma,Theta,Vega,Open.Int,LAST,LX,Impl Vol,BID,BX,ASK,AX,Exp,Strike,BID,BX,ASK,AX,Delta,Gamma,Theta,Vega,Open.Int,LAST,LX,Impl Vol
,,0.92,0,-0.03,0.17,0,0, ,74.76%,70.15,J,73.65,Z,21-Oct-22,75,2.67,Z,2.94,X,-0.07,0,-0.02,0.15,0,0, ,66.10%
,,0.9,0,-0.03,0.2,0,0, ,73.97%,66.1,Z,69.7,Z,21-Oct-22,80,3.35,X,3.75,X,-0.08,0,-0.02,0.17,1,2.59,T,65.13%
,,0.89,0,-0.03,0.21,0,0, ,65.86%,60.6,X,64.3,Z,21-Oct-22,85,4.15,X,4.5,X,-0.1,0,-0.03,0.2,0,0, ,63.74%
,,0.87,0,-0.03,0.24,0,0, ,67.14%,58.05,X,59.95,X,21-Oct-22,90,5.2,Q,5.45,P,-0.12,0,-0.03,0.23,58,3.85,E,62.93%
,,0.85,0,-0.04,0.26,4,59.45,Z,65.11%,54.05,X,55.8,X,21-Oct-22,95,6.3,X,6.6,X,-0.14,0,-0.03,0.25,502,4.4,Q,62.09%
,,0.83,0,-0.04,0.29,0,0, ,64.75%,50.8,Q,52,Z,21-Oct-22,100,7.35,X,7.8,X,-0.16,0,-0.04,0.28,0,0, ,60.78%
,,0.81,0,-0.04,0.31,1,57.25,N,62.69%,46.75,X,48.25,Z,21-Oct-22,105,8.85,Z,9.45,X,-0.19,0,-0.04,0.31,1,7.22,X,60.58%
,,0.78,0,-0.05,0.33,2,54,W,62.03%,43.55,X,44.75,X,21-Oct-22,110,10.3,J,10.85,Z,-0.22,0,-0.04,0.33,1,7.35,N,59.40%
,,0.75,0,-0.05,0.36,4,50.4,W,60.82%,39.85,X,41.65,Z,21-Oct-22,115,12,X,12.35,X,-0.24,0,-0.04,0.35,1,12,C,58.37%
,,0.73,0,-0.05,0.38,0,0, ,60.48%,36.9,X,38.7,X,21-Oct-22,120,13.8,X,14.4,X,-0.27,0.01,-0.05,0.37,509,10.82,C,57.84%
,,0.7,0.01,-0.05,0.39,24,43.6,W,59.17%,34.2,X,35.05,X,21-Oct-22,125,15.75,X,16.2,X,-0.3,0.01,-0.05,0.39,418,16.2,Q,56.79%
,,0.67,0.01,-0.05,0.41,14,32.72,X,58.89%,31.5,P,32.5,X,21-Oct-22,130,17.85,C,18.35,X,-0.33,0.01,-0.05,0.41,5,17,N,56.01%
,,0.64,0.01,-0.05,0.42,7,37.2,W,57.95%,28.6,X,29.9,X,21-Oct-22,135,20.1,X,20.9,X,-0.36,0.01,-0.05,0.42,11,14.88,I,55.53%
,,0.61,0.01,-0.05,0.44,1,26.16,M,57.33%,26.15,X,27.4,X,21-Oct-22,140,22.45,X,23.6,X,-0.4,0.01,-0.05,0.43,5,23.43,J,54.99%
,,0.58,0.01,-0.05,0.44,22,23.85,P,56.73%,23.9,X,25,X,21-Oct-22,145,25.15,X,26,Z,-0.43,0.01,-0.05,0.44,0,25,C,54.16%
,,0.54,0.01,-0.05,0.45,29,21.9,B,56.20%,21.9,J,22.7,X,21-Oct-22,150,27.95,X,28.9,Z,-0.46,0.01,-0.05,0.45,0,0, ,53.69%
,,0.51,0.01,-0.05,0.45,58,24,N,55.42%,19.8,X,20.55,X,21-Oct-22,155,30.85,X,31.85,Z,-0.49,0.01,-0.05,0.45,2,25.08,C,53.07%
,,0.48,0.01,-0.05,0.45,23,17.85,D,54.91%,18,X,18.6,A,21-Oct-22,160,34,X,35.2,X,-0.52,0.01,-0.05,0.45,0,0, ,52.87%
,,0.45,0.01,-0.05,0.45,8,16.22,C,54.72%,16.3,X,17.1,X,21-Oct-22,165,37.15,X,38.5,X,-0.55,0.01,-0.05,0.44,5,31.35,Z,52.32%
,,0.43,0.01,-0.05,0.44,236,17.5,A,54.93%,14,X,16.8,X,21-Oct-22,170,40.7,Z,41.55,X,-0.58,0.01,-0.05,0.44,1,36.4,N,51.65%
,,0.4,0.01,-0.05,0.44,4,17.83,X,53.86%,13.25,X,14.05,X,21-Oct-22,175,44.2,X,45.25,X,-0.61,0.01,-0.05,0.43,0,0, ,51.41%
,,0.37,0.01,-0.05,0.43,4,11.9,N,53.03%,11.75,X,12.5,X,21-Oct-22,180,47.65,X,49.05,X,-0.64,0.01,-0.05,0.42,5,25.1,J,50.96%
,,0.34,0.01,-0.05,0.41,2,17.25,Z,52.89%,10.75,Z,11.25,X,21-Oct-22,185,51.7,X,52.55,B,-0.66,0.01,-0.04,0.4,7,43.55,I,50.63%
,,0.31,0.01,-0.05,0.4,10,14.3,Q,52.08%,9.25,Q,10.15,X,21-Oct-22,190,55.45,X,56.8,X,-0.68,0.01,-0.04,0.39,4,48.2,B,50.63%
,,0.29,0.01,-0.04,0.39,2,11.95,X,52.61%,8.6,X,9.45,X,21-Oct-22,195,59.4,X,60.7,Z,-0.7,0.01,-0.04,0.37,3,51.7,T,50.23%
,,0.27,0.01,-0.04,0.37,18,7.55,P,52.03%,7.75,X,8.25,X,21-Oct-22,200,63.5,X,64.8,X,-0.72,0,-0.04,0.36,14,57.05,X,50.09%
,,0.23,0.01,-0.04,0.34,9,8,N,51.57%,6.25,X,6.65,X,21-Oct-22,210,72.1,X,73,X,-0.76,0,-0.04,0.33,9,63.15,N,49.85%
,,0.19,0,-0.03,0.31,48,6.75,Q,50.89%,4.85,X,5.35,X,21-Oct-22,220,80.6,X,82.15,X,-0.78,0,-0.03,0.3,0,0, ,50.35%
,,0.16,0,-0.03,0.28,2,14.3,W,50.86%,4,X,4.35,X,21-Oct-22,230,89.55,X,91.65,X,-0.79,0,-0.03,0.29,0,0, ,51.87%
,,0.14,0,-0.03,0.25,11,5.1,C,50.47%,3.2,X,3.45,P,21-Oct-22,240,98.8,X,100.3,X,-0.8,0,-0.03,0.27,0,0, ,52.24%
,,0.12,0,-0.02,0.22,42,4.5,D,50.60%,2.52,X,2.98,X,21-Oct-22,250,107.95,X,109.95,Z,-0.8,0,-0.03,0.26,1,98.75,Z,54.15%
,,0.1,0,-0.02,0.2,10,5.5,W,50.94%,2.04,Z,2.6,X,21-Oct-22,260,117.25,Z,119.7,Z,-0.79,0,-0.03,0.26,0,0, ,56.57%
,,,,,,,,,,,,,,,,,,,,,,,,,,,
16 DEC 22  (285)  100,,,,,,,,,,,,,,,,,,,,,,,,,,,
,,Delta,Gamma,Theta,Vega,Open.Int,LAST,LX,Impl Vol,BID,BX,ASK,AX,Exp,Strike,BID,BX,ASK,AX,Delta,Gamma,Theta,Vega,Open.Int,LAST,LX,Impl Vol
,,0.91,0,-0.02,0.2,1,70.6,N,70.04%,69.05,X,75.95,Z,16-Dec-22,75,3.5,C,3.85,X,-0.08,0,-0.02,0.18,607,3.65,H,64.22%
,,0.9,0,-0.03,0.22,0,0, ,65.86%,65.95,Z,69.65,Z,16-Dec-22,80,4.3,X,4.9,Z,-0.09,0,-0.02,0.21,604,3.1,P,63.54%
,,0.88,0,-0.03,0.25,0,0, ,66.69%,63.35,X,65.25,Z,16-Dec-22,85,5.3,Z,5.6,P,-0.11,0,-0.03,0.24,530,4.17,J,62.02%
,,0.86,0,-0.03,0.28,22,81.97,E,65.15%,59.4,X,61.3,Z,16-Dec-22,90,6.35,Z,6.75,P,-0.13,0,-0.03,0.27,509,5.91,C,61.12%
,,0.84,0,-0.03,0.31,0,88.24,X,64.32%,55.85,J,57.55,Z,16-Dec-22,95,7.6,X,7.95,X,-0.15,0,-0.03,0.3,505,5.8,B,60.25%
,,0.81,0,-0.04,0.34,13,58.8,B,68.34%,52.25,X,57.35,X,16-Dec-22,100,8.95,Z,9.3,P,-0.17,0,-0.03,0.32,184,6.76,I,59.38%
,,0.8,0,-0.04,0.36,2,82.25,Q,62.59%,48.8,X,50.7,Z,16-Dec-22,105,10.4,X,11,X,-0.2,0,-0.04,0.35,844,7.55,Q,58.79%
,,0.77,0,-0.04,0.38,9,61.3,B,61.19%,45.35,J,47.15,X,16-Dec-22,110,11.8,C,13,X,-0.22,0,-0.04,0.38,700,12.25,X,58.16%
,,0.75,0,-0.04,0.4,234,42.21,A,60.28%,42.1,C,44,X,16-Dec-22,115,12.8,X,14.8,X,-0.25,0,-0.04,0.4,260,11.1,Q,56.43%
,,0.72,0,-0.04,0.42,4,48.75,B,59.14%,39,X,40.75,Z,16-Dec-22,120,15.65,X,16.55,Q,-0.27,0,-0.04,0.42,193,14.65,I,56.63%
,,0.7,0,-0.04,0.44,147,42.95,Q,58.21%,36.2,X,37.6,Z,16-Dec-22,125,17.7,C,18.25,X,-0.3,0,-0.04,0.44,143,15.6,N,55.47%
,,0.67,0.01,-0.05,0.46,164,43.34,W,57.16%,32.7,X,35.3,X,16-Dec-22,130,19.8,C,20.75,Z,-0.33,0.01,-0.04,0.46,"1,091",18.85,W,54.98%
,,0.64,0.01,-0.05,0.47,23,40.34,W,57.41%,31.1,X,32.55,Z,16-Dec-22,135,22.15,Z,23.05,Z,-0.36,0.01,-0.04,0.47,550,21.2,W,54.24%
,,0.61,0.01,-0.05,0.48,155,29,B,56.56%,28.85,J,29.7,X,16-Dec-22,140,24.7,X,25.35,C,-0.39,0.01,-0.05,0.48,133,21.1,W,53.44%
,,0.59,0.01,-0.05,0.49,20,35.85,W,56.53%,26.45,X,28.05,X,16-Dec-22,145,27.3,X,28.6,X,-0.42,0.01,-0.05,0.49,240,26.7,I,53.39%
,,0.56,0.01,-0.05,0.5,54,24.48,E,55.54%,24.4,C,25.35,J,16-Dec-22,150,30.15,X,31.25,B,-0.45,0.01,-0.05,0.5,675,26.35,Q,52.72%
,,0.53,0.01,-0.05,0.5,42,24,N,55.11%,22.3,X,23.5,X,16-Dec-22,155,33.1,X,33.95,P,-0.48,0.01,-0.05,0.5,144,30.28,C,51.94%
,,0.5,0.01,-0.05,0.5,193,20.84,W,54.39%,20.5,C,21.3,X,16-Dec-22,160,36.25,X,36.9,B,-0.51,0.01,-0.04,0.5,116,32.81,I,51.36%
,,0.47,0.01,-0.05,0.5,143,18.72,C,54.09%,18.8,C,19.65,X,16-Dec-22,165,39.05,X,40.3,X,-0.53,0.01,-0.04,0.5,75,36.2,W,50.65%
,,0.45,0.01,-0.05,0.5,245,18,Z,53.47%,17.2,C,17.8,Z,16-Dec-22,170,42.65,X,43.95,X,-0.56,0.01,-0.04,0.49,528,38.09,D,50.77%
,,0.42,0.01,-0.05,0.49,78,21.55,W,53.29%,15.7,C,16.5,Z,16-Dec-22,175,46.3,X,47.15,X,-0.59,0.01,-0.04,0.48,124,28.58,C,50.26%
,,0.4,0.01,-0.04,0.49,138,14,B,52.75%,14.3,C,14.95,P,16-Dec-22,180,49.6,X,50.6,C,-0.61,0.01,-0.04,0.47,327,45.55,T,49.43%
,,0.37,0.01,-0.04,0.48,302,12.65,Q,52.20%,12.9,X,13.6,Z,16-Dec-22,185,53.45,X,54.85,Z,-0.63,0.01,-0.04,0.46,239,32.17,X,49.83%
,,0.35,0.01,-0.04,0.47,104,11.6,H,52.10%,11.65,X,12.7,Z,16-Dec-22,190,57.25,X,58.6,X,-0.65,0.01,-0.04,0.45,424,37.05,I,49.46%
,,0.33,0.01,-0.04,0.45,148,11.14,I,51.82%,10.85,C,11.35,P,16-Dec-22,195,61.15,X,62.2,X,-0.68,0,-0.04,0.43,34,54.7,T,48.84%
,,0.3,0.01,-0.04,0.44,269,9.8,Z,51.41%,9.8,C,10.3,P,16-Dec-22,200,65.2,X,66.25,X,-0.7,0,-0.04,0.42,221,39.55,D,48.74%
,,0.26,0.01,-0.04,0.41,603,8.3,N,50.88%,7.65,X,8.95,X,16-Dec-22,210,73.15,X,74.85,Z,-0.73,0,-0.03,0.39,15,53.47,I,48.51%
,,0.23,0,-0.03,0.38,314,8.7,X,50.57%,6.75,H,7.05,X,16-Dec-22,220,82.1,X,82.9,C,-0.75,0,-0.03,0.36,47,75.55,W,48.35%
,,0.2,0,-0.03,0.35,77,6.95,E,50.28%,5.55,C,5.9,X,16-Dec-22,230,91.25,X,92.15,Z,-0.76,0,-0.03,0.34,6,65.15,X,49.81%
,,0.17,0,-0.03,0.32,83,4.5,N,50.03%,4.6,Z,4.9,Z,16-Dec-22,240,100,X,101.55,X,-0.77,0,-0.03,0.33,10,73,N,50.74%
,,0.15,0,-0.03,0.29,694,5.45,N,49.76%,3.8,Z,4.05,Z,16-Dec-22,250,109.2,X,110.4,X,-0.78,0,-0.03,0.31,170,99.5,X,51.38%
,,0.12,0,-0.02,0.26,95,3.4,B,49.54%,3.15,X,3.35,X,16-Dec-22,260,118.25,X,119.9,X,-0.78,0,-0.03,0.3,12,89.4,C,52.75%
,,0.11,0,-0.02,0.23,"1,369",3.6,N,49.43%,2.48,X,2.94,Z,16-Dec-22,270,126.8,Z,130,Z,-0.78,0,-0.03,0.3,11,121.25,W,54.30%
,,0.09,0,-0.02,0.21,907,3.2,H,49.42%,2.06,X,2.5,X,16-Dec-22,280,137.2,B,139.85,Z,-0.76,0,-0.03,0.3,8,108.7,W,58.57%
,,0.08,0,-0.02,0.19,8,5.35,Q,49.17%,1.71,P,2.04,P,16-Dec-22,290,146.75,Z,149.25,Z,-0.75,0,-0.03,0.3,0,0, ,60.72%
,,0.07,0,-0.01,0.16,200,1.55,X,48.84%,1.4,Z,1.65,X,16-Dec-22,300,155.55,Z,160.15,Z,-0.74,0,-0.03,0.31,6,129.38,A,64.14%
,,0.06,0,-0.01,0.14,203,1.29,A,48.85%,1.16,X,1.41,X,16-Dec-22,310,165.6,Z,169.6,Z,-0.73,0,-0.04,0.31,0,0, ,67.27%
,,,,,,,,,,,,,,,,,,,,,,,,,,,
20 JAN 23  (320)  100,,,,,,,,,,,,,,,,,,,,,,,,,,,
,,Delta,Gamma,Theta,Vega,Open.Int,LAST,LX,Impl Vol,BID,BX,ASK,AX,Exp,Strike,BID,BX,ASK,AX,Delta,Gamma,Theta,Vega,Open.Int,LAST,LX,Impl Vol
,,0.93,0,-0.02,0.18,153,79.69,X,73.68%,79.95,X,83.55,Z,20-Jan-23,65,2.4,C,2.71,X,-0.05,0,-0.01,0.15,"2,713",2.6,N,64.48%
,,0.92,0,-0.02,0.19,506,76.25,Z,68.55%,75.75,X,78,Z,20-Jan-23,70,3.1,X,3.5,X,-0.07,0,-0.02,0.18,"3,845",2.5,N,63.77%
,,0.91,0,-0.02,0.22,79,71.25,M,67.49%,71.35,X,74.25,Z,20-Jan-23,75,3.9,P,4.2,P,-0.08,0,-0.02,0.2,"3,436",3.3,D,62.50%
,,0.89,0,-0.03,0.25,123,67.22,M,67.63%,67.85,X,70.4,X,20-Jan-23,80,4.8,X,5.35,X,-0.1,0,-0.02,0.23,"2,437",4.92,C,62.04%
,,0.87,0,-0.03,0.28,35,63.94,M,68.66%,63.85,X,67.9,X,20-Jan-23,85,5.85,X,6.3,A,-0.12,0,-0.02,0.26,"1,112",6.1,N,60.96%
,,0.86,0,-0.03,0.3,175,60.14,M,63.50%,60.2,X,61.7,Z,20-Jan-23,90,6.95,X,7.85,X,-0.14,0,-0.03,0.29,"2,149",7.39,I,60.64%
,,0.84,0,-0.03,0.33,92,56.6,E,62.54%,56.55,X,58.05,Z,20-Jan-23,95,8.25,X,9.05,Z,-0.16,0,-0.03,0.32,"1,794",8.6,I,59.62%
,,0.82,0,-0.03,0.35,"1,315",53.3,N,61.55%,52.85,X,54.65,X,20-Jan-23,100,9.6,X,10.1,X,-0.18,0,-0.03,0.35,"5,354",9.8,D,58.14%
,,0.8,0,-0.04,0.38,59,87.75,X,60.60%,49.4,X,51.25,X,20-Jan-23,105,10.65,X,11.65,X,-0.2,0,-0.03,0.37,"5,575",11.7,N,56.70%
,,0.77,0,-0.04,0.4,159,54,N,59.98%,46.5,X,47.8,X,20-Jan-23,110,12.75,P,13.45,X,-0.22,0,-0.04,0.4,"2,351",11,X,56.65%
,,0.75,0,-0.04,0.43,98,53.8,X,58.83%,42.8,X,44.95,X,20-Jan-23,115,14.5,C,15.05,X,-0.25,0,-0.04,0.42,"2,219",11.9,P,55.57%
,,0.72,0,-0.04,0.45,651,40.45,B,58.05%,39.95,X,41.8,X,20-Jan-23,120,16.5,C,17,J,-0.28,0,-0.04,0.45,"4,947",17.33,I,54.91%
,,0.7,0,-0.04,0.47,210,37.53,C,57.50%,37.35,X,38.85,X,20-Jan-23,125,18.6,C,19.15,Z,-0.3,0,-0.04,0.47,"3,788",19.43,I,54.29%
,,0.67,0,-0.04,0.48,"1,288",35,N,57.36%,35.05,X,36.25,X,20-Jan-23,130,20.8,C,21.3,Z,-0.33,0.01,-0.04,0.48,"4,793",20.99,X,53.50%
,,0.64,0,-0.04,0.5,441,32.44,M,56.33%,32.4,X,33.4,X,20-Jan-23,135,23.15,C,23.7,Z,-0.36,0.01,-0.04,0.5,"6,372",24.05,X,52.85%
,,0.62,0.01,-0.04,0.51,821,30.03,X,55.63%,29.75,X,31.1,X,20-Jan-23,140,25.65,X,26.45,Z,-0.39,0.01,-0.04,0.51,"5,242",26.44,M,52.45%
,,0.59,0.01,-0.04,0.52,569,27.61,A,55.13%,27.6,X,28.75,X,20-Jan-23,145,28.35,X,29.15,P,-0.41,0.01,-0.04,0.52,"4,096",27.05,B,51.94%
,,0.56,0.01,-0.05,0.53,"1,968",25.7,N,54.88%,25.6,C,26.75,X,20-Jan-23,150,31.15,X,31.8,X,-0.44,0.01,-0.04,0.52,"6,371",32.5,Z,51.23%
,,0.54,0.01,-0.04,0.53,851,29.2,N,54.22%,23.75,H,24.4,X,20-Jan-23,155,34.1,X,35.1,Q,-0.47,0.01,-0.04,0.53,"2,687",34.92,C,51.06%
,,0.51,0.01,-0.04,0.53,920,21.59,X,53.91%,21.85,C,22.7,X,20-Jan-23,160,37.2,X,38,P,-0.5,0.01,-0.04,0.53,"6,596",37.59,X,50.42%
,,0.48,0.01,-0.04,0.53,516,19.85,N,53.26%,20,C,20.8,X,20-Jan-23,165,40.4,X,41.15,X,-0.52,0.01,-0.04,0.53,"6,297",41.45,N,49.90%
,,0.46,0.01,-0.04,0.53,"2,411",18.7,Q,52.73%,18.25,X,19.15,X,20-Jan-23,170,43.7,X,44.4,C,-0.55,0.01,-0.04,0.52,"6,022",44.7,N,49.36%
,,0.43,0.01,-0.04,0.53,"1,192",17.5,Z,52.44%,16.85,C,17.6,Z,20-Jan-23,175,47.1,X,48.2,Z,-0.58,0.01,-0.04,0.51,"2,478",48.55,N,49.24%
,,0.41,0.01,-0.04,0.52,"5,515",15.25,Z,52.20%,15.5,C,16.25,T,20-Jan-23,180,50.75,X,52.05,X,-0.6,0.01,-0.04,0.51,"3,639",44.75,Q,49.24%
,,0.38,0.01,-0.04,0.51,"1,012",14.17,M,51.73%,14.1,C,14.9,Z,20-Jan-23,185,54.3,X,55.25,X,-0.62,0.01,-0.04,0.49,"1,224",47.45,P,48.30%
,,0.36,0.01,-0.04,0.5,"4,287",12.75,B,51.24%,12.75,X,13.65,X,20-Jan-23,190,58.15,X,58.95,Z,-0.65,0.01,-0.04,0.48,389,39.1,Q,47.99%
,,0.34,0.01,-0.04,0.49,342,11.94,M,51.02%,11.8,X,12.45,X,20-Jan-23,195,61.8,X,62.85,Z,-0.67,0,-0.03,0.47,"1,543",35.45,E,47.50%
,,0.32,0.01,-0.04,0.48,"3,377",10.77,I,50.44%,10.8,C,11.1,Z,20-Jan-23,200,66.1,X,66.95,X,-0.68,0,-0.03,0.45,"5,145",62.5,C,47.78%
,,0.28,0.01,-0.04,0.45,574,8.8,B,50.28%,8.95,X,9.65,X,20-Jan-23,210,74.1,X,75.2,Z,-0.72,0,-0.03,0.42,394,73.25,C,47.34%
,,0.24,0,-0.03,0.42,"2,064",7.35,B,49.91%,7.55,N,8.05,C,20-Jan-23,220,82.6,X,84.7,Z,-0.73,0,-0.03,0.4,368,71.48,A,48.57%
,,0.21,0,-0.03,0.39,"1,365",6.05,B,49.56%,6.3,C,6.75,X,20-Jan-23,230,91.15,X,92.6,Z,-0.76,0,-0.03,0.37,61,95,Q,47.49%
,,0.18,0,-0.03,0.36,610,6.65,B,49.09%,5.2,Q,5.6,Z,20-Jan-23,240,100.15,X,102.05,X,-0.77,0,-0.03,0.35,75,74.35,E,48.83%
,,0.16,0,-0.02,0.32,"1,548",4.4,N,48.79%,4.3,C,4.7,Z,20-Jan-23,250,109,X,111.25,X,-0.77,0,-0.03,0.34,89,81.25,B,49.47%
,,0.14,0,-0.02,0.29,662,5.45,N,48.43%,3.55,C,3.9,X,20-Jan-23,260,118.6,X,120.4,X,-0.77,0,-0.03,0.33,113,81.3,W,51.11%
,,0.12,0,-0.02,0.26,"1,330",3.75,Q,48.08%,2.9,X,3.25,J,20-Jan-23,270,124.7,X,133.35,Z,-0.77,0,-0.03,0.32,39,129.15,A,53.22%
,,0.1,0,-0.02,0.24,"1,115",2.5,Q,48.39%,2.6,D,2.77,J,20-Jan-23,280,136.4,X,141.1,X,-0.76,0,-0.03,0.33,32,109.8,D,55.98%
,,0.09,0,-0.02,0.21,"1,440",2.13,X,47.73%,1.99,C,2.3,J,20-Jan-23,290,146.65,X,151.15,X,-0.74,0,-0.03,0.34,42,146.09,C,60.05%
,,0.08,0,-0.01,0.19,"3,010",1.92,H,47.78%,1.67,X,1.99,X,20-Jan-23,300,155.3,X,160.75,Z,-0.74,0,-0.03,0.33,62,124.52,E,61.07%
,,0.07,0,-0.01,0.17,"1,840",1.7,H,47.71%,1.41,C,1.68,Z,20-Jan-23,310,166,Z,170.15,Z,-0.72,0,-0.03,0.34,24,153.92,C,64.91%
,,0.06,0,-0.01,0.15,"4,024",1.3,N,47.75%,1.29,N,1.35,Q,20-Jan-23,320,174.6,Z,179.9,Z,-1,0,0,0,76,163.66,C,--
,,,,,,,,,,,,,,,,,,,,,,,,,,,
16 JUN 23  (467)  100,,,,,,,,,,,,,,,,,,,,,,,,,,,
,,Delta,Gamma,Theta,Vega,Open.Int,LAST,LX,Impl Vol,BID,BX,ASK,AX,Exp,Strike,BID,BX,ASK,AX,Delta,Gamma,Theta,Vega,Open.Int,LAST,LX,Impl Vol
,,0.87,0,-0.02,0.33,0,0, ,66.55%,68.3,X,76.7,X,16-Jun-23,80,7.15,Q,7.65,Z,-0.11,0,-0.02,0.31,0,7.2,Q,59.17%
,,0.85,0,-0.03,0.37,0,0, ,68.62%,66.9,X,73.25,X,16-Jun-23,85,8.2,X,11.55,X,-0.14,0,-0.02,0.35,0,0, ,61.76%
,,0.84,0,-0.03,0.39,0,0, ,65.15%,61.7,X,69.75,Z,16-Jun-23,90,9.6,X,10.25,Z,-0.15,0,-0.02,0.38,0,0, ,57.14%
,,0.83,0,-0.03,0.41,0,0, ,57.30%,56.6,X,62.45,Z,16-Jun-23,95,11.1,X,12,Z,-0.17,0,-0.02,0.41,0,0, ,56.67%
,,0.81,0,-0.03,0.44,3,65,Z,60.91%,54.2,X,62,X,16-Jun-23,100,12.65,X,16.7,X,-0.19,0,-0.03,0.44,0,0, ,59.33%
,,0.78,0,-0.03,0.47,0,0, ,63.07%,54,X,58.7,X,16-Jun-23,105,14.4,X,15.35,Z,-0.21,0,-0.03,0.46,0,0, ,55.08%
,,0.76,0,-0.03,0.5,0,0, ,62.68%,50.35,X,56.8,X,16-Jun-23,110,15.85,X,17.2,Z,-0.23,0,-0.03,0.49,8,14.35,N,53.94%
,,0.74,0,-0.03,0.52,0,0, ,60.91%,46.6,X,53.8,X,16-Jun-23,115,17.05,X,21.3,X,-0.25,0,-0.03,0.52,0,0, ,54.58%
,,0.72,0,-0.03,0.54,0,48.82,I,58.51%,45,P,48.05,X,16-Jun-23,120,18.45,X,24.4,X,-0.28,0,-0.03,0.54,0,0, ,54.16%
,,0.7,0,-0.03,0.56,2,50.85,B,55.07%,38.65,X,45.95,X,16-Jun-23,125,22.5,X,23.6,X,-0.3,0,-0.03,0.56,0,0, ,52.41%
,,0.68,0,-0.04,0.58,0,0, ,56.65%,39.3,X,42.65,Z,16-Jun-23,130,24.6,X,26.15,Z,-0.32,0,-0.03,0.58,2,21.65,C,51.76%
,,0.66,0,-0.04,0.59,0,0, ,55.80%,36.45,Z,40.3,Z,16-Jun-23,135,26.2,X,28.85,Z,-0.35,0,-0.03,0.59,0,0, ,50.64%
,,0.63,0,-0.04,0.61,0,36,D,54.06%,33.45,X,37.2,Z,16-Jun-23,140,26.65,X,31.45,Z,-0.38,0,-0.03,0.61,0,0, ,48.34%
,,0.62,0,-0.04,0.62,3,33.8,H,57.10%,32.75,X,37.85,X,16-Jun-23,145,31.2,X,35.55,Z,-0.39,0,-0.03,0.62,0,32.32,I,50.46%
,,0.59,0,-0.04,0.63,3,31.7,D,53.91%,30.35,X,32.7,Z,16-Jun-23,150,32.1,X,37,Z,-0.43,0,-0.03,0.63,4,36.69,I,47.31%
,,0.57,0,-0.04,0.63,19,28.8,N,54.14%,28.6,X,31.35,X,16-Jun-23,155,36.5,X,39.95,Z,-0.45,0,-0.03,0.63,0,0, ,48.00%
,,0.55,0,-0.04,0.64,0,0, ,53.90%,26.7,X,29.75,Z,16-Jun-23,160,41.35,X,44.45,Z,-0.46,0,-0.03,0.63,1,36.27,I,50.10%
,,0.52,0,-0.04,0.64,3,26.32,I,52.60%,24.6,X,27.15,Z,16-Jun-23,165,44.5,Z,47.65,Z,-0.48,0,-0.03,0.63,1,38.62,I,49.68%
,,0.5,0,-0.04,0.64,1,32,C,52.33%,20.35,X,28.2,X,16-Jun-23,170,47.2,X,52.7,Z,-0.5,0,-0.03,0.63,0,0, ,50.22%
,,0.48,0,-0.04,0.64,1,24,H,52.95%,21.9,X,24.75,Z,16-Jun-23,175,51.15,X,54.15,Z,-0.53,0,-0.03,0.63,0,0, ,48.78%
,,0.46,0,-0.04,0.64,4,26.91,C,51.80%,18.1,X,24.55,X,16-Jun-23,180,53.9,X,56.5,X,-0.56,0,-0.03,0.62,0,0, ,46.94%
,,0.43,0,-0.03,0.63,0,0, ,50.02%,17.15,X,20.85,X,16-Jun-23,185,55.25,X,60.2,X,-0.59,0,-0.03,0.61,0,0, ,44.89%
,,0.41,0,-0.03,0.63,1,23,H,49.16%,14.4,X,20.3,E,16-Jun-23,190,58.05,X,65.85,Z,-0.6,0,-0.03,0.6,0,0, ,45.49%
,,0.4,0,-0.03,0.62,0,0, ,50.62%,13.2,X,21.25,X,16-Jun-23,195,62.95,X,70.6,Z,-0.61,0,-0.03,0.6,0,0, ,47.00%
,,0.38,0,-0.03,0.61,1,20.1,Q,50.39%,15.1,X,17.1,X,16-Jun-23,200,67.55,X,71.6,Z,-0.64,0,-0.03,0.58,1,61.25,B,44.98%
,,0.36,0,-0.03,0.6,0,0, ,51.71%,13.65,Z,16.55,Z,16-Jun-23,210,77.05,Z,79.55,Z,-0.66,0,-0.03,0.56,0,0, ,46.03%
,,0.31,0,-0.03,0.57,0,0, ,48.75%,8.2,X,15.4,X,16-Jun-23,220,83.6,X,90.7,Z,-0.68,0,-0.03,0.54,0,0, ,47.05%
,,0.28,0,-0.03,0.55,0,0, ,49.68%,10.35,X,11.55,X,16-Jun-23,230,93.9,Z,97.15,Z,-0.7,0,-0.03,0.51,0,0, ,46.95%
,,,,,,,,,,,,,,,,,,,,,,,,,,,
19 JAN 24  (684)  100,,,,,,,,,,,,,,,,,,,,,,,,,,,
,,Delta,Gamma,Theta,Vega,Open.Int,LAST,LX,Impl Vol,BID,BX,ASK,AX,Exp,Strike,BID,BX,ASK,AX,Delta,Gamma,Theta,Vega,Open.Int,LAST,LX,Impl Vol
,,0.88,0,-0.02,0.39,26,87.57,I,64.92%,75.5,X,83.75,X,19-Jan-24,75,5.25,X,9.45,X,-0.11,0,-0.01,0.36,981,7,B,52.82%
,,0.86,0,-0.02,0.43,17,80,A,63.99%,72,X,80.5,X,19-Jan-24,80,7.15,X,11.7,X,-0.12,0,-0.02,0.4,4,6.5,Q,54.10%
,,0.85,0,-0.02,0.46,53,73.14,M,62.07%,68.5,X,76.5,X,19-Jan-24,85,9.3,X,13.1,X,-0.14,0,-0.02,0.44,59,11.65,D,54.10%
,,0.83,0,-0.02,0.49,24,69.91,M,61.15%,65,X,73.5,X,19-Jan-24,90,11,X,14.8,X,-0.16,0,-0.02,0.47,"1,203",10.86,M,53.63%
,,0.82,0,-0.02,0.52,24,75,D,60.42%,62,X,70.35,X,19-Jan-24,95,14.2,N,16.15,X,-0.18,0,-0.02,0.51,"1,125",11.9,N,54.07%
,,0.8,0,-0.02,0.55,93,63,X,57.75%,59.55,X,64.7,Z,19-Jan-24,100,14.3,X,17.6,Z,-0.19,0,-0.02,0.54,"1,914",16,B,51.42%
,,0.78,0,-0.02,0.57,29,58.8,D,57.35%,56.7,X,62,Z,19-Jan-24,105,16,X,20.15,X,-0.21,0,-0.02,0.57,94,11.34,W,51.19%
,,0.77,0,-0.02,0.6,49,57.7,B,56.78%,54,X,59.15,Z,19-Jan-24,110,19.95,N,21.7,Z,-0.23,0,-0.02,0.6,"2,998",20.53,M,51.81%
,,0.75,0,-0.03,0.62,66,67.4,C,56.20%,51.55,X,56.2,Z,19-Jan-24,115,19.8,X,24.5,X,-0.25,0,-0.02,0.62,103,22.7,I,49.88%
,,0.73,0,-0.03,0.65,65,55,X,55.91%,48.8,X,54.1,Z,19-Jan-24,120,22.2,X,26.35,Z,-0.27,0,-0.02,0.65,656,25.05,N,49.15%
,,0.71,0,-0.03,0.67,44,58.2,Q,54.10%,45,X,51.2,Z,19-Jan-24,125,24.6,X,28.8,Z,-0.29,0,-0.02,0.67,958,24.1,X,48.74%
,,0.69,0,-0.03,0.69,112,46.95,D,56.12%,46.3,X,48.55,Z,19-Jan-24,130,27.85,X,31.8,X,-0.31,0,-0.02,0.69,78,26,Q,49.20%
,,0.67,0,-0.03,0.71,69,43.95,N,54.25%,41.8,X,46.55,Z,19-Jan-24,135,30.3,X,34.7,X,-0.33,0,-0.03,0.7,680,29.2,Q,48.84%
,,0.66,0,-0.03,0.72,249,41.75,D,55.46%,42,H,44.35,Z,19-Jan-24,140,32.3,X,37,X,-0.36,0,-0.03,0.72,"1,904",35.45,M,47.64%
,,0.64,0,-0.03,0.73,140,40.03,I,54.63%,39.6,X,42,Z,19-Jan-24,145,35.15,X,39.65,Z,-0.38,0,-0.03,0.73,40,35.55,M,47.15%
,,0.62,0,-0.03,0.74,276,38.1,B,54.18%,37.1,X,40.45,Z,19-Jan-24,150,39.2,X,41.85,N,-0.4,0,-0.03,0.74,"1,673",42.2,N,47.05%
,,0.6,0,-0.03,0.75,404,36.9,N,53.80%,35.6,X,38.15,Z,19-Jan-24,155,41.4,X,45,N,-0.42,0,-0.03,0.75,813,40.18,M,46.23%
,,0.58,0,-0.03,0.76,347,34.35,Q,53.75%,34.3,X,36.3,Z,19-Jan-24,160,45.1,X,48.1,N,-0.44,0,-0.03,0.76,734,47.25,C,46.27%
,,0.56,0,-0.03,0.77,189,32.65,Q,51.40%,29.4,X,34.65,Z,19-Jan-24,165,47.6,X,52,Z,-0.46,0,-0.03,0.76,209,50.47,C,45.94%
,,0.55,0,-0.03,0.77,312,32.15,B,52.83%,30.75,X,32.7,Z,19-Jan-24,170,53.2,N,54.65,P,-0.47,0,-0.03,0.76,706,41.42,A,46.73%
,,0.53,0,-0.03,0.78,310,28.8,I,52.39%,27.9,X,32.2,Z,19-Jan-24,175,54.4,X,58.7,Z,-0.5,0,-0.03,0.76,"2,916",57.7,D,45.44%
,,0.52,0,-0.03,0.78,293,28,Z,53.21%,26.25,X,32.6,X,19-Jan-24,180,57.75,X,61.9,Z,-0.52,0,-0.02,0.76,71,56.45,M,44.92%
,,0.49,0,-0.03,0.78,221,34.5,I,50.97%,24.55,X,28.4,Z,19-Jan-24,185,61.2,X,66.2,X,-0.53,0,-0.02,0.75,73,59.17,X,45.10%
,,0.48,0,-0.03,0.78,82,25,N,50.94%,23.5,X,27.1,Z,19-Jan-24,190,64.6,X,69.3,Z,-0.55,0,-0.02,0.75,12,61.1,D,44.37%
,,0.46,0,-0.03,0.78,70,24,I,50.99%,21.8,X,26.7,Z,19-Jan-24,195,68.25,X,73,Z,-0.57,0,-0.02,0.74,69,63.3,X,44.12%
,,0.45,0,-0.03,0.77,646,23.25,X,51.69%,23,N,24.5,Z,19-Jan-24,200,71.7,X,76.95,Z,-0.58,0,-0.02,0.73,77,67.1,N,43.83%
,,0.43,0,-0.03,0.77,417,22.09,C,52.32%,20.1,C,24.5,X,19-Jan-24,210,79.6,X,84.55,Z,-0.61,0,-0.02,0.71,9,82,C,43.51%
,,0.38,0,-0.03,0.75,217,18.7,I,49.58%,16.75,X,20.2,Z,19-Jan-24,220,88.75,X,93,Z,-0.63,0,-0.02,0.69,17,81.5,N,44.46%
,,0.36,0,-0.03,0.73,123,16.96,W,49.49%,14.6,X,19.1,Z,19-Jan-24,230,95.85,X,102.35,Z,-0.65,0,-0.02,0.66,2,90.71,I,44.39%
,,0.34,0,-0.03,0.71,79,15.2,B,50.03%,14.55,X,17.1,Z,19-Jan-24,240,104,X,111,Z,-0.67,0,-0.02,0.64,1,98.54,I,44.41%
,,0.31,0,-0.03,0.69,434,13.84,W,49.51%,13.15,C,15.2,Z,19-Jan-24,250,112.3,X,118.5,Z,-0.69,0,-0.02,0.6,6,88.1,N,43.44%
,,0.28,0,-0.02,0.66,101,12.2,H,48.18%,10.3,X,13.95,Z,19-Jan-24,260,122.7,Z,127.35,Z,-0.69,0,-0.02,0.6,7,118,N,45.20%
,,0.26,0,-0.02,0.64,328,11,N,48.49%,10.6,C,12,N,19-Jan-24,270,129.45,X,137.8,Z,-0.7,0,-0.02,0.57,2,124.68,I,45.18%
,,0.25,0,-0.02,0.62,80,11.97,C,48.99%,9.6,C,11.75,Z,19-Jan-24,280,138.35,X,146.8,Z,-0.7,0,-0.02,0.56,1,96.95,M,45.71%
,,0.22,0,-0.02,0.58,62,11.78,W,47.31%,7.1,X,10.55,Z,19-Jan-24,290,148.6,X,156.35,Z,-0.69,0,-0.02,0.56,0,130.8,C,47.92%
,,0.22,0,-0.02,0.57,282,8.5,Z,48.71%,7.9,C,9.85,Z,19-Jan-24,300,157.95,X,165.1,X,-0.69,0,-0.02,0.55,1,146,Z,48.61%
,,0.19,0,-0.02,0.52,261,7.83,C,46.81%,5.45,X,8.85,Z,19-Jan-24,310,166.35,X,174.3,Z,-0.69,0,-0.02,0.53,1,154,D,48.82%
